equipment_id,公園番号,公園名,遊具種類,劣化判定,修繕コスト,優先度,点検年月,設置年,築年数,判定スコア,備考
eq_0000_踏み板式ブランコ,1,北海道駅前緑地,踏み板式ブランコ,b,361001,4,2024-08,1990.0,35,0.3,B判定_踏み板式ブランコ
eq_0001_スベリ台,1,北海道駅前緑地,スベリ台,d,2342226,2,2025-03,1990.0,35,0.7,D判定_スベリ台
eq_0002_Athletic遊具,1,北海道駅前緑地,ﾌｨｰﾙﾄﾞｱｽﾚﾁｯｸ遊具,b,449172,4,2024-10,1990.0,35,0.3,B判定_ﾌｨｰﾙﾄﾞｱｽﾚﾁｯｸ遊具
eq_0003_スプリング遊具,1,北海道駅前緑地,スプリング遊具,c,289368,3,2025-04,1990.0,35,0.5,C判定_スプリング遊具
eq_0004_ベンチ_01,1,北海道駅前緑地,ベンチ,c,291185,3,2025-04,1990.0,35,0.5,C判定_ベンチ
eq_0005_ベンチ_02,1,北海道駅前緑地,ベンチ,c,162309,3,2025-04,1990.0,35,0.5,C判定_ベンチ
eq_0006_ベンチ_03,1,北海道駅前緑地,ベンチ,c,177766,3,2025-03,1990.0,35,0.5,C判定_ベンチ
eq_0007_ベンチ_04,1,北海道駅前緑地,ベンチ,b,75771,4,2024-09,1990.0,35,0.3,B判定_ベンチ
eq_0008_ベンチ_05,1,北海道駅前緑地,ベンチ,b,41676,4,2025-03,1990.0,35,0.3,B判定_ベンチ
eq_0009_ベンチ_06,1,北海道駅前緑地,ベンチ,d,256680,2,2025-01,1990.0,35,0.7,D判定_ベンチ
eq_0010_ベンチ_07,1,北海道駅前緑地,ベンチ,b,80395,4,2024-09,1990.0,35,0.3,B判定_ベンチ
eq_0011_ベンチ_08,1,北海道駅前緑地,ベンチ,b,79334,4,2024-11,1990.0,35,0.3,B判定_ベンチ
eq_0012_ベンチ_09,1,北海道駅前緑地,ベンチ,c,255117,3,2024-10,1990.0,35,0.5,C判定_ベンチ
eq_0013_ベンチ_10,1,北海道駅前緑地,ベンチ,c,256577,3,2025-03,1990.0,35,0.5,C判定_ベンチ
eq_0014_ベンチ_11,1,北海道駅前緑地,ベンチ,b,80511,4,2025-06,1990.0,35,0.3,B判定_ベンチ
eq_0015_ベンチ_12,1,北海道駅前緑地,ベンチ,c,215924,3,2025-01,1990.0,35,0.5,C判定_ベンチ
eq_0016_ベンチ_13,1,北海道駅前緑地,ベンチ,b,30023,4,2025-02,1990.0,35,0.3,B判定_ベンチ
eq_0017_ベンチ_14,1,北海道駅前緑地,ベンチ,b,34267,4,2025-02,1990.0,35,0.3,B判定_ベンチ
eq_0018_ベンチ_15,1,北海道駅前緑地,ベンチ,c,287869,3,2025-03,1990.0,35,0.5,C判定_ベンチ
eq_0019_スベリ台,2,青森朝日公園,スベリ台,c,723482,3,2024-08,1995.0,30,0.5,C判定_スベリ台
eq_0020_スプリング遊具,2,青森朝日公園,スプリング遊具,c,442447,3,2025-04,1995.0,30,0.5,C判定_スプリング遊具
eq_0021_ベンチ_01,2,青森朝日公園,ベンチ,c,293994,3,2025-07,1995.0,30,0.5,C判定_ベンチ
eq_0022_ベンチ_02,2,青森朝日公園,ベンチ,c,277863,3,2024-08,1995.0,30,0.5,C判定_ベンチ
eq_0023_ベンチ_03,2,青森朝日公園,ベンチ,d,567654,2,2024-10,1995.0,30,0.7,D判定_ベンチ
eq_0024_ベンチ_04,2,青森朝日公園,ベンチ,d,323723,2,2024-08,1995.0,30,0.7,D判定_ベンチ
eq_0025_ベンチ_05,2,青森朝日公園,ベンチ,d,328505,2,2025-06,1995.0,30,0.7,D判定_ベンチ
eq_0026_踏み板式ブランコ,3,岩手緑地広場,踏み板式ブランコ,d,1271382,2,2024-12,1971.0,54,0.7,D判定_踏み板式ブランコ
eq_0027_スベリ台,3,岩手緑地広場,スベリ台,d,1517900,2,2025-07,1971.0,54,0.7,D判定_スベリ台
eq_0028_Athletic遊具,3,岩手緑地広場,ﾌｨｰﾙﾄﾞｱｽﾚﾁｯｸ遊具,c,1506259,3,2025-04,1971.0,54,0.5,C判定_ﾌｨｰﾙﾄﾞｱｽﾚﾁｯｸ遊具
eq_0029_ベンチ_01,3,岩手緑地広場,ベンチ,d,324212,2,2024-09,1971.0,54,0.7,D判定_ベンチ
eq_0030_ベンチ_02,3,岩手緑地広場,ベンチ,c,138724,3,2024-10,1971.0,54,0.5,C判定_ベンチ
eq_0031_ベンチ_03,3,岩手緑地広場,ベンチ,c,260778,3,2024-12,1971.0,54,0.5,C判定_ベンチ
eq_0032_ベンチ_04,3,岩手緑地広場,ベンチ,d,247815,2,2024-11,1971.0,54,0.7,D判定_ベンチ
eq_0033_ベンチ_05,3,岩手緑地広場,ベンチ,c,287575,3,2025-01,1971.0,54,0.5,C判定_ベンチ
eq_0034_ベンチ_06,3,岩手緑地広場,ベンチ,d,365454,2,2025-04,1971.0,54,0.7,D判定_ベンチ
eq_0035_踏み板式ブランコ,4,宮城雪広場,踏み板式ブランコ,b,368707,4,2025-02,2001.0,24,0.3,B判定_踏み板式ブランコ
eq_0036_スベリ台,4,宮城雪広場,スベリ台,b,246981,4,2025-03,2001.0,24,0.3,B判定_スベリ台
eq_0037_Athletic遊具,4,宮城雪広場,ﾌｨｰﾙﾄﾞｱｽﾚﾁｯｸ遊具,b,266094,4,2024-08,2001.0,24,0.3,B判定_ﾌｨｰﾙﾄﾞｱｽﾚﾁｯｸ遊具
eq_0038_スプリング遊具,4,宮城雪広場,スプリング遊具,b,70833,4,2024-08,2001.0,24,0.3,B判定_スプリング遊具
eq_0039_ベンチ_01,4,宮城雪広場,ベンチ,b,52848,4,2025-06,2001.0,24,0.3,B判定_ベンチ
eq_0040_ベンチ_02,4,宮城雪広場,ベンチ,c,166146,3,2025-01,2001.0,24,0.5,C判定_ベンチ
eq_0041_ベンチ_03,4,宮城雪広場,ベンチ,b,34446,4,2024-08,2001.0,24,0.3,B判定_ベンチ
eq_0042_ベンチ_04,4,宮城雪広場,ベンチ,b,62797,4,2024-11,2001.0,24,0.3,B判定_ベンチ
eq_0043_ベンチ_05,4,宮城雪広場,ベンチ,b,102746,4,2025-05,2001.0,24,0.3,B判定_ベンチ
eq_0044_ベンチ_06,4,宮城雪広場,ベンチ,a,53561,5,2024-11,2001.0,24,0.1,A判定_ベンチ
eq_0045_ベンチ_07,4,宮城雪広場,ベンチ,b,146932,4,2024-09,2001.0,24,0.3,B判定_ベンチ
eq_0046_ベンチ_08,4,宮城雪広場,ベンチ,b,117162,4,2025-05,2001.0,24,0.3,B判定_ベンチ
eq_0047_ベンチ_09,4,宮城雪広場,ベンチ,c,128743,3,2025-04,2001.0,24,0.5,C判定_ベンチ
eq_0048_ベンチ_10,4,宮城雪広場,ベンチ,b,45033,4,2024-12,2001.0,24,0.3,B判定_ベンチ
eq_0049_ベンチ_11,4,宮城雪広場,ベンチ,b,68535,4,2024-10,2001.0,24,0.3,B判定_ベンチ
eq_0050_ベンチ_12,4,宮城雪広場,ベンチ,a,31688,5,2025-01,2001.0,24,0.1,A判定_ベンチ
eq_0051_スベリ台,5,秋田歴史パーク,スベリ台,b,196995,4,2025-03,1988.0,37,0.3,B判定_スベリ台
eq_0052_踏み板式ブランコ,6,山形歴史公園,踏み板式ブランコ,c,600659,3,2024-11,1982.0,43,0.5,C判定_踏み板式ブランコ
eq_0053_スベリ台,6,山形歴史公園,スベリ台,d,1231363,2,2024-10,1982.0,43,0.7,D判定_スベリ台
eq_0054_Athletic遊具,6,山形歴史公園,ﾌｨｰﾙﾄﾞｱｽﾚﾁｯｸ遊具,c,952043,3,2025-04,1982.0,43,0.5,C判定_ﾌｨｰﾙﾄﾞｱｽﾚﾁｯｸ遊具
eq_0055_スプリング遊具,6,山形歴史公園,スプリング遊具,c,427515,3,2025-05,1982.0,43,0.5,C判定_スプリング遊具
eq_0056_ベンチ_01,6,山形歴史公園,ベンチ,c,201139,3,2025-05,1982.0,43,0.5,C判定_ベンチ
eq_0057_ベンチ_02,6,山形歴史公園,ベンチ,b,70835,4,2024-12,1982.0,43,0.3,B判定_ベンチ
eq_0058_ベンチ_03,6,山形歴史公園,ベンチ,c,291871,3,2025-04,1982.0,43,0.5,C判定_ベンチ
eq_0059_ベンチ_04,6,山形歴史公園,ベンチ,c,107929,3,2025-04,1982.0,43,0.5,C判定_ベンチ
eq_0060_ベンチ_05,6,山形歴史公園,ベンチ,d,389262,2,2025-04,1982.0,43,0.7,D判定_ベンチ
eq_0061_ベンチ_06,6,山形歴史公園,ベンチ,d,554600,2,2025-01,1982.0,43,0.7,D判定_ベンチ
eq_0062_ベンチ_07,6,山形歴史公園,ベンチ,c,256346,3,2024-08,1982.0,43,0.5,C判定_ベンチ
eq_0063_ベンチ_08,6,山形歴史公園,ベンチ,d,321075,2,2024-11,1982.0,43,0.7,D判定_ベンチ
eq_0064_ベンチ_09,6,山形歴史公園,ベンチ,d,364691,2,2024-08,1982.0,43,0.7,D判定_ベンチ
eq_0065_ベンチ_10,6,山形歴史公園,ベンチ,c,287609,3,2025-02,1982.0,43,0.5,C判定_ベンチ
eq_0066_ベンチ_11,6,山形歴史公園,ベンチ,c,100897,3,2024-09,1982.0,43,0.5,C判定_ベンチ
eq_0067_ベンチ_12,6,山形歴史公園,ベンチ,c,197807,3,2025-06,1982.0,43,0.5,C判定_ベンチ
eq_0068_ベンチ_13,6,山形歴史公園,ベンチ,c,218052,3,2024-08,1982.0,43,0.5,C判定_ベンチ
eq_0069_ベンチ_14,6,山形歴史公園,ベンチ,c,228813,3,2024-12,1982.0,43,0.5,C判定_ベンチ
eq_0070_ベンチ_15,6,山形歴史公園,ベンチ,c,189030,3,2025-03,1982.0,43,0.5,C判定_ベンチ
eq_0071_ベンチ_16,6,山形歴史公園,ベンチ,c,148320,3,2025-04,1982.0,43,0.5,C判定_ベンチ
eq_0072_ベンチ_17,6,山形歴史公園,ベンチ,b,52208,4,2024-11,1982.0,43,0.3,B判定_ベンチ
eq_0073_ベンチ_18,6,山形歴史公園,ベンチ,c,249100,3,2024-09,1982.0,43,0.5,C判定_ベンチ
eq_0074_ベンチ_19,6,山形歴史公園,ベンチ,c,258756,3,2025-07,1982.0,43,0.5,C判定_ベンチ
eq_0075_ベンチ_20,6,山形歴史公園,ベンチ,b,85146,4,2024-12,1982.0,43,0.3,B判定_ベンチ
eq_0076_ベンチ_21,6,山形歴史公園,ベンチ,c,103301,3,2025-01,1982.0,43,0.5,C判定_ベンチ
eq_0077_ベンチ_22,6,山形歴史公園,ベンチ,c,101733,3,2025-04,1982.0,43,0.5,C判定_ベンチ
eq_0078_踏み板式ブランコ,7,福島文化ガーデン,踏み板式ブランコ,c,755577,3,2024-08,1993.0,32,0.5,C判定_踏み板式ブランコ
eq_0079_スベリ台,7,福島文化ガーデン,スベリ台,c,770258,3,2024-10,1993.0,32,0.5,C判定_スベリ台
eq_0080_スプリング遊具,7,福島文化ガーデン,スプリング遊具,c,524602,3,2024-09,1993.0,32,0.5,C判定_スプリング遊具
eq_0081_ベンチ_01,7,福島文化ガーデン,ベンチ,c,164690,3,2024-11,1993.0,32,0.5,C判定_ベンチ
eq_0082_ベンチ_02,7,福島文化ガーデン,ベンチ,b,109731,4,2024-11,1993.0,32,0.3,B判定_ベンチ
eq_0083_踏み板式ブランコ,8,茨城未来プラザ,踏み板式ブランコ,c,350935,3,2025-05,1992.0,33,0.5,C判定_踏み板式ブランコ
eq_0084_スプリング遊具,8,茨城未来プラザ,スプリング遊具,d,1169718,2,2024-07,1992.0,33,0.7,D判定_スプリング遊具
eq_0085_Athletic遊具,9,栃木新ガーデン,ﾌｨｰﾙﾄﾞｱｽﾚﾁｯｸ遊具,b,364599,4,2025-04,1997.0,28,0.3,B判定_ﾌｨｰﾙﾄﾞｱｽﾚﾁｯｸ遊具
eq_0086_スプリング遊具,9,栃木新ガーデン,スプリング遊具,b,189628,4,2025-03,1997.0,28,0.3,B判定_スプリング遊具
eq_0087_ベンチ_01,9,栃木新ガーデン,ベンチ,b,42861,4,2024-10,1997.0,28,0.3,B判定_ベンチ
eq_0088_スプリング遊具,10,群馬平和遊園,スプリング遊具,d,583869,2,2024-08,1980.0,45,0.7,D判定_スプリング遊具
eq_0089_ベンチ_01,10,群馬平和遊園,ベンチ,d,353669,2,2024-07,1980.0,45,0.7,D判定_ベンチ
eq_0090_ベンチ_02,10,群馬平和遊園,ベンチ,c,237561,3,2024-08,1980.0,45,0.5,C判定_ベンチ
eq_0091_ベンチ_03,10,群馬平和遊園,ベンチ,d,429531,2,2024-10,1980.0,45,0.7,D判定_ベンチ
eq_0092_Athletic遊具,11,埼玉山手パーク,ﾌｨｰﾙﾄﾞｱｽﾚﾁｯｸ遊具,d,2499751,2,2025-01,1986.0,39,0.7,D判定_ﾌｨｰﾙﾄﾞｱｽﾚﾁｯｸ遊具
eq_0093_ベンチ_01,11,埼玉山手パーク,ベンチ,d,313624,2,2024-10,1986.0,39,0.7,D判定_ベンチ
eq_0094_ベンチ_02,11,埼玉山手パーク,ベンチ,c,132353,3,2024-07,1986.0,39,0.5,C判定_ベンチ
eq_0095_踏み板式ブランコ,12,千葉花ガーデン,踏み板式ブランコ,c,955265,3,2025-06,1974.0,51,0.5,C判定_踏み板式ブランコ
eq_0096_スベリ台,12,千葉花ガーデン,スベリ台,d,2325136,2,2025-06,1974.0,51,0.7,D判定_スベリ台
eq_0097_Athletic遊具,12,千葉花ガーデン,ﾌｨｰﾙﾄﾞｱｽﾚﾁｯｸ遊具,e,3588678,1,2025-01,1974.0,51,0.9,E判定_ﾌｨｰﾙﾄﾞｱｽﾚﾁｯｸ遊具
eq_0098_スプリング遊具,12,千葉花ガーデン,スプリング遊具,d,940820,2,2025-06,1974.0,51,0.7,D判定_スプリング遊具
eq_0099_ベンチ_01,12,千葉花ガーデン,ベンチ,d,515389,2,2025-06,1974.0,51,0.7,D判定_ベンチ
eq_0100_ベンチ_02,12,千葉花ガーデン,ベンチ,e,888227,1,2024-08,1974.0,51,0.9,E判定_ベンチ
eq_0101_ベンチ_03,12,千葉花ガーデン,ベンチ,d,557172,2,2024-08,1974.0,51,0.7,D判定_ベンチ
eq_0102_ベンチ_04,12,千葉花ガーデン,ベンチ,d,299489,2,2025-03,1974.0,51,0.7,D判定_ベンチ
eq_0103_ベンチ_05,12,千葉花ガーデン,ベンチ,c,251296,3,2025-03,1974.0,51,0.5,C判定_ベンチ
eq_0104_ベンチ_06,12,千葉花ガーデン,ベンチ,c,129859,3,2024-10,1974.0,51,0.5,C判定_ベンチ
eq_0105_スベリ台,13,東京朝日公園,スベリ台,c,598177,3,2024-09,1956.0,69,0.5,C判定_スベリ台
eq_0106_スプリング遊具,13,東京朝日公園,スプリング遊具,c,522500,3,2024-09,1956.0,69,0.5,C判定_スプリング遊具
eq_0107_ベンチ_01,13,東京朝日公園,ベンチ,d,492471,2,2025-03,1956.0,69,0.7,D判定_ベンチ
eq_0108_踏み板式ブランコ,14,神奈川河川パーク,踏み板式ブランコ,d,1407532,2,2025-02,1972.0,53,0.7,D判定_踏み板式ブランコ
eq_0109_スベリ台,14,神奈川河川パーク,スベリ台,d,1894210,2,2024-08,1972.0,53,0.7,D判定_スベリ台
eq_0110_Athletic遊具,14,神奈川河川パーク,ﾌｨｰﾙﾄﾞｱｽﾚﾁｯｸ遊具,d,3320803,2,2025-02,1972.0,53,0.7,D判定_ﾌｨｰﾙﾄﾞｱｽﾚﾁｯｸ遊具
eq_0111_スプリング遊具,14,神奈川河川パーク,スプリング遊具,c,326097,3,2025-02,1972.0,53,0.5,C判定_スプリング遊具
eq_0112_ベンチ_01,14,神奈川河川パーク,ベンチ,c,110151,3,2024-09,1972.0,53,0.5,C判定_ベンチ
eq_0113_ベンチ_02,14,神奈川河川パーク,ベンチ,d,428241,2,2025-05,1972.0,53,0.7,D判定_ベンチ
eq_0114_ベンチ_03,14,神奈川河川パーク,ベンチ,c,253677,3,2025-07,1972.0,53,0.5,C判定_ベンチ
eq_0115_ベンチ_04,14,神奈川河川パーク,ベンチ,e,565536,1,2024-09,1972.0,53,0.9,E判定_ベンチ
eq_0116_ベンチ_05,14,神奈川河川パーク,ベンチ,c,179111,3,2024-10,1972.0,53,0.5,C判定_ベンチ
eq_0117_ベンチ_06,14,神奈川河川パーク,ベンチ,c,257151,3,2024-08,1972.0,53,0.5,C判定_ベンチ
eq_0118_ベンチ_07,14,神奈川河川パーク,ベンチ,e,479474,1,2024-12,1972.0,53,0.9,E判定_ベンチ
eq_0119_ベンチ_08,14,神奈川河川パーク,ベンチ,d,276066,2,2025-03,1972.0,53,0.7,D判定_ベンチ
eq_0120_ベンチ_09,14,神奈川河川パーク,ベンチ,d,447590,2,2024-09,1972.0,53,0.7,D判定_ベンチ
eq_0121_ベンチ_10,14,神奈川河川パーク,ベンチ,c,255950,3,2025-04,1972.0,53,0.5,C判定_ベンチ
eq_0122_ベンチ_11,14,神奈川河川パーク,ベンチ,d,430180,2,2025-04,1972.0,53,0.7,D判定_ベンチ
eq_0123_ベンチ_12,14,神奈川河川パーク,ベンチ,c,161418,3,2025-04,1972.0,53,0.5,C判定_ベンチ
eq_0124_ベンチ_13,14,神奈川河川パーク,ベンチ,e,866312,1,2024-08,1972.0,53,0.9,E判定_ベンチ
eq_0125_ベンチ_14,14,神奈川河川パーク,ベンチ,d,271011,2,2024-11,1972.0,53,0.7,D判定_ベンチ
eq_0126_Athletic遊具,15,新潟第一緑地,ﾌｨｰﾙﾄﾞｱｽﾚﾁｯｸ遊具,d,1701473,2,2024-11,1989.0,36,0.7,D判定_ﾌｨｰﾙﾄﾞｱｽﾚﾁｯｸ遊具
eq_0127_スプリング遊具,15,新潟第一緑地,スプリング遊具,d,781130,2,2025-06,1989.0,36,0.7,D判定_スプリング遊具
eq_0128_ベンチ_01,15,新潟第一緑地,ベンチ,d,484098,2,2024-11,1989.0,36,0.7,D判定_ベンチ
eq_0129_ベンチ_02,15,新潟第一緑地,ベンチ,c,250587,3,2025-07,1989.0,36,0.5,C判定_ベンチ
eq_0130_ベンチ_03,15,新潟第一緑地,ベンチ,c,240184,3,2025-02,1989.0,36,0.5,C判定_ベンチ
eq_0131_踏み板式ブランコ,16,富山南緑地,踏み板式ブランコ,a,161721,5,2025-03,1996.0,29,0.1,A判定_踏み板式ブランコ
eq_0132_スベリ台,16,富山南緑地,スベリ台,b,568012,4,2024-11,1996.0,29,0.3,B判定_スベリ台
eq_0133_Athletic遊具,16,富山南緑地,ﾌｨｰﾙﾄﾞｱｽﾚﾁｯｸ遊具,b,762390,4,2025-03,1996.0,29,0.3,B判定_ﾌｨｰﾙﾄﾞｱｽﾚﾁｯｸ遊具
eq_0134_スプリング遊具,16,富山南緑地,スプリング遊具,b,202473,4,2024-09,1996.0,29,0.3,B判定_スプリング遊具
eq_0135_ベンチ_01,16,富山南緑地,ベンチ,a,30180,5,2025-05,1996.0,29,0.1,A判定_ベンチ
eq_0136_ベンチ_02,16,富山南緑地,ベンチ,c,226820,3,2025-06,1996.0,29,0.5,C判定_ベンチ
eq_0137_ベンチ_03,16,富山南緑地,ベンチ,a,37170,5,2025-07,1996.0,29,0.1,A判定_ベンチ
eq_0138_ベンチ_04,16,富山南緑地,ベンチ,a,37220,5,2025-03,1996.0,29,0.1,A判定_ベンチ
eq_0139_ベンチ_05,16,富山南緑地,ベンチ,b,32300,4,2024-09,1996.0,29,0.3,B判定_ベンチ
eq_0140_ベンチ_06,16,富山南緑地,ベンチ,a,22556,5,2024-09,1996.0,29,0.1,A判定_ベンチ
eq_0141_ベンチ_07,16,富山南緑地,ベンチ,a,53541,5,2025-05,1996.0,29,0.1,A判定_ベンチ
eq_0142_ベンチ_08,16,富山南緑地,ベンチ,b,129975,4,2024-09,1996.0,29,0.3,B判定_ベンチ
eq_0143_ベンチ_09,16,富山南緑地,ベンチ,b,91073,4,2024-08,1996.0,29,0.3,B判定_ベンチ
eq_0144_ベンチ_10,16,富山南緑地,ベンチ,b,56265,4,2025-03,1996.0,29,0.3,B判定_ベンチ
eq_0145_ベンチ_11,16,富山南緑地,ベンチ,b,70759,4,2024-12,1996.0,29,0.3,B判定_ベンチ
eq_0146_ベンチ_12,16,富山南緑地,ベンチ,b,111617,4,2025-05,1996.0,29,0.3,B判定_ベンチ
eq_0147_ベンチ_13,16,富山南緑地,ベンチ,a,24114,5,2024-08,1996.0,29,0.1,A判定_ベンチ
eq_0148_ベンチ_14,16,富山南緑地,ベンチ,b,73411,4,2025-02,1996.0,29,0.3,B判定_ベンチ
eq_0149_ベンチ_15,16,富山南緑地,ベンチ,a,47799,5,2024-08,1996.0,29,0.1,A判定_ベンチ
eq_0150_踏み板式ブランコ,17,石川山手プラザ,踏み板式ブランコ,b,377888,4,2024-09,1994.0,31,0.3,B判定_踏み板式ブランコ
eq_0151_スベリ台,17,石川山手プラザ,スベリ台,d,2069006,2,2024-11,1994.0,31,0.7,D判定_スベリ台
eq_0152_Athletic遊具,17,石川山手プラザ,ﾌｨｰﾙﾄﾞｱｽﾚﾁｯｸ遊具,c,720973,3,2025-07,1994.0,31,0.5,C判定_ﾌｨｰﾙﾄﾞｱｽﾚﾁｯｸ遊具
eq_0153_スプリング遊具,17,石川山手プラザ,スプリング遊具,d,1053616,2,2025-03,1994.0,31,0.7,D判定_スプリング遊具
eq_0154_ベンチ_01,17,石川山手プラザ,ベンチ,b,63724,4,2025-06,1994.0,31,0.3,B判定_ベンチ
eq_0155_ベンチ_02,17,石川山手プラザ,ベンチ,c,230573,3,2025-01,1994.0,31,0.5,C判定_ベンチ
eq_0156_ベンチ_03,17,石川山手プラザ,ベンチ,b,109051,4,2025-01,1994.0,31,0.3,B判定_ベンチ
eq_0157_ベンチ_04,17,石川山手プラザ,ベンチ,b,133319,4,2025-01,1994.0,31,0.3,B判定_ベンチ
eq_0158_ベンチ_05,17,石川山手プラザ,ベンチ,d,247930,2,2024-09,1994.0,31,0.7,D判定_ベンチ
eq_0159_ベンチ_06,17,石川山手プラザ,ベンチ,d,316736,2,2025-07,1994.0,31,0.7,D判定_ベンチ
eq_0160_ベンチ_07,17,石川山手プラザ,ベンチ,b,141962,4,2025-03,1994.0,31,0.3,B判定_ベンチ
eq_0161_ベンチ_08,17,石川山手プラザ,ベンチ,c,210413,3,2024-11,1994.0,31,0.5,C判定_ベンチ
eq_0162_ベンチ_09,17,石川山手プラザ,ベンチ,c,220153,3,2024-09,1994.0,31,0.5,C判定_ベンチ
eq_0163_ベンチ_10,17,石川山手プラザ,ベンチ,c,115536,3,2024-08,1994.0,31,0.5,C判定_ベンチ
eq_0164_ベンチ_11,17,石川山手プラザ,ベンチ,c,296794,3,2024-12,1994.0,31,0.5,C判定_ベンチ
eq_0165_ベンチ_12,17,石川山手プラザ,ベンチ,d,270841,2,2025-07,1994.0,31,0.7,D判定_ベンチ
eq_0166_ベンチ_13,17,石川山手プラザ,ベンチ,c,229665,3,2025-01,1994.0,31,0.5,C判定_ベンチ
eq_0167_ベンチ_14,17,石川山手プラザ,ベンチ,b,63143,4,2025-07,1994.0,31,0.3,B判定_ベンチ
eq_0168_ベンチ_15,17,石川山手プラザ,ベンチ,c,299513,3,2025-01,1994.0,31,0.5,C判定_ベンチ
eq_0169_ベンチ_16,17,石川山手プラザ,ベンチ,c,249136,3,2025-04,1994.0,31,0.5,C判定_ベンチ
eq_0170_ベンチ_17,17,石川山手プラザ,ベンチ,d,347352,2,2025-02,1994.0,31,0.7,D判定_ベンチ
eq_0171_ベンチ_18,17,石川山手プラザ,ベンチ,b,139534,4,2024-11,1994.0,31,0.3,B判定_ベンチ
eq_0172_ベンチ_19,17,石川山手プラザ,ベンチ,b,83658,4,2025-02,1994.0,31,0.3,B判定_ベンチ
eq_0173_ベンチ_20,17,石川山手プラザ,ベンチ,c,98260,3,2025-06,1994.0,31,0.5,C判定_ベンチ
eq_0174_ベンチ_21,17,石川山手プラザ,ベンチ,c,127121,3,2024-12,1994.0,31,0.5,C判定_ベンチ
eq_0175_スベリ台,18,福井竹ガーデン,スベリ台,d,1762561,2,2025-02,1982.0,43,0.7,D判定_スベリ台
eq_0176_Athletic遊具,18,福井竹ガーデン,ﾌｨｰﾙﾄﾞｱｽﾚﾁｯｸ遊具,d,1856165,2,2024-12,1982.0,43,0.7,D判定_ﾌｨｰﾙﾄﾞｱｽﾚﾁｯｸ遊具
eq_0177_ベンチ_01,18,福井竹ガーデン,ベンチ,c,133806,3,2024-08,1982.0,43,0.5,C判定_ベンチ
eq_0178_ベンチ_02,18,福井竹ガーデン,ベンチ,b,101616,4,2024-08,1982.0,43,0.3,B判定_ベンチ
eq_0179_ベンチ_03,18,福井竹ガーデン,ベンチ,c,130126,3,2024-12,1982.0,43,0.5,C判定_ベンチ
eq_0180_踏み板式ブランコ,19,山梨大遊園,踏み板式ブランコ,a,119363,5,2025-05,2009.0,16,0.1,A判定_踏み板式ブランコ
eq_0181_スベリ台,19,山梨大遊園,スベリ台,a,150788,5,2024-11,2009.0,16,0.1,A判定_スベリ台
eq_0182_踏み板式ブランコ,20,長野朝日プラザ,踏み板式ブランコ,b,447839,4,2025-04,2000.0,25,0.3,B判定_踏み板式ブランコ
eq_0183_スベリ台,20,長野朝日プラザ,スベリ台,c,844474,3,2024-07,2000.0,25,0.5,C判定_スベリ台
eq_0184_Athletic遊具,20,長野朝日プラザ,ﾌｨｰﾙﾄﾞｱｽﾚﾁｯｸ遊具,b,341177,4,2024-11,2000.0,25,0.3,B判定_ﾌｨｰﾙﾄﾞｱｽﾚﾁｯｸ遊具
eq_0185_スプリング遊具,20,長野朝日プラザ,スプリング遊具,a,97013,5,2025-03,2000.0,25,0.1,A判定_スプリング遊具
eq_0186_ベンチ_01,20,長野朝日プラザ,ベンチ,b,92161,4,2024-08,2000.0,25,0.3,B判定_ベンチ
eq_0187_ベンチ_02,20,長野朝日プラザ,ベンチ,a,27774,5,2025-01,2000.0,25,0.1,A判定_ベンチ
eq_0188_ベンチ_03,20,長野朝日プラザ,ベンチ,a,58766,5,2024-10,2000.0,25,0.1,A判定_ベンチ
eq_0189_踏み板式ブランコ,21,岐阜平和プラザ,踏み板式ブランコ,a,197126,5,2024-08,2004.0,21,0.1,A判定_踏み板式ブランコ
eq_0190_スベリ台,21,岐阜平和プラザ,スベリ台,a,132607,5,2025-03,2004.0,21,0.1,A判定_スベリ台
eq_0191_Athletic遊具,21,岐阜平和プラザ,ﾌｨｰﾙﾄﾞｱｽﾚﾁｯｸ遊具,b,666462,4,2024-10,2004.0,21,0.3,B判定_ﾌｨｰﾙﾄﾞｱｽﾚﾁｯｸ遊具
eq_0192_スプリング遊具,21,岐阜平和プラザ,スプリング遊具,a,66136,5,2024-09,2004.0,21,0.1,A判定_スプリング遊具
eq_0193_ベンチ_01,21,岐阜平和プラザ,ベンチ,b,122564,4,2025-01,2004.0,21,0.3,B判定_ベンチ
eq_0194_ベンチ_02,21,岐阜平和プラザ,ベンチ,b,35786,4,2025-01,2004.0,21,0.3,B判定_ベンチ
eq_0195_ベンチ_03,21,岐阜平和プラザ,ベンチ,b,90283,4,2024-08,2004.0,21,0.3,B判定_ベンチ
eq_0196_ベンチ_04,21,岐阜平和プラザ,ベンチ,b,75550,4,2025-06,2004.0,21,0.3,B判定_ベンチ
eq_0197_ベンチ_05,21,岐阜平和プラザ,ベンチ,b,115714,4,2025-03,2004.0,21,0.3,B判定_ベンチ
eq_0198_ベンチ_06,21,岐阜平和プラザ,ベンチ,b,145563,4,2025-03,2004.0,21,0.3,B判定_ベンチ
eq_0199_ベンチ_07,21,岐阜平和プラザ,ベンチ,b,76485,4,2024-11,2004.0,21,0.3,B判定_ベンチ
eq_0200_ベンチ_08,21,岐阜平和プラザ,ベンチ,b,61839,4,2024-09,2004.0,21,0.3,B判定_ベンチ
eq_0201_ベンチ_09,21,岐阜平和プラザ,ベンチ,c,247629,3,2025-06,2004.0,21,0.5,C判定_ベンチ
eq_0202_ベンチ_10,21,岐阜平和プラザ,ベンチ,b,45929,4,2024-10,2004.0,21,0.3,B判定_ベンチ
eq_0203_ベンチ_11,21,岐阜平和プラザ,ベンチ,b,40579,4,2025-04,2004.0,21,0.3,B判定_ベンチ
eq_0204_ベンチ_12,21,岐阜平和プラザ,ベンチ,a,18066,5,2024-12,2004.0,21,0.1,A判定_ベンチ
eq_0205_ベンチ_13,21,岐阜平和プラザ,ベンチ,b,81547,4,2024-12,2004.0,21,0.3,B判定_ベンチ
eq_0206_ベンチ_14,21,岐阜平和プラザ,ベンチ,b,106358,4,2024-10,2004.0,21,0.3,B判定_ベンチ
eq_0207_ベンチ_15,21,岐阜平和プラザ,ベンチ,b,142852,4,2024-12,2004.0,21,0.3,B判定_ベンチ
eq_0208_ベンチ_16,21,岐阜平和プラザ,ベンチ,b,40298,4,2025-06,2004.0,21,0.3,B判定_ベンチ
eq_0209_ベンチ_17,21,岐阜平和プラザ,ベンチ,c,211274,3,2024-11,2004.0,21,0.5,C判定_ベンチ
eq_0210_ベンチ_18,21,岐阜平和プラザ,ベンチ,c,202418,3,2024-08,2004.0,21,0.5,C判定_ベンチ
eq_0211_ベンチ_19,21,岐阜平和プラザ,ベンチ,c,141808,3,2025-05,2004.0,21,0.5,C判定_ベンチ
eq_0212_ベンチ_20,21,岐阜平和プラザ,ベンチ,b,46360,4,2024-11,2004.0,21,0.3,B判定_ベンチ
eq_0213_ベンチ_21,21,岐阜平和プラザ,ベンチ,a,53961,5,2025-03,2004.0,21,0.1,A判定_ベンチ
eq_0214_ベンチ_22,21,岐阜平和プラザ,ベンチ,a,59518,5,2024-12,2004.0,21,0.1,A判定_ベンチ
eq_0215_踏み板式ブランコ,22,静岡南遊園,踏み板式ブランコ,c,369009,3,2024-10,1988.0,37,0.5,C判定_踏み板式ブランコ
eq_0216_スベリ台,22,静岡南遊園,スベリ台,c,623176,3,2025-07,1988.0,37,0.5,C判定_スベリ台
eq_0217_Athletic遊具,22,静岡南遊園,ﾌｨｰﾙﾄﾞｱｽﾚﾁｯｸ遊具,b,387838,4,2024-08,1988.0,37,0.3,B判定_ﾌｨｰﾙﾄﾞｱｽﾚﾁｯｸ遊具
eq_0218_スプリング遊具,22,静岡南遊園,スプリング遊具,c,400226,3,2025-03,1988.0,37,0.5,C判定_スプリング遊具
eq_0219_ベンチ_01,22,静岡南遊園,ベンチ,c,262536,3,2025-07,1988.0,37,0.5,C判定_ベンチ
eq_0220_ベンチ_02,22,静岡南遊園,ベンチ,c,111636,3,2025-01,1988.0,37,0.5,C判定_ベンチ
eq_0221_ベンチ_03,22,静岡南遊園,ベンチ,b,122768,4,2025-03,1988.0,37,0.3,B判定_ベンチ
eq_0222_ベンチ_04,22,静岡南遊園,ベンチ,d,457062,2,2025-06,1988.0,37,0.7,D判定_ベンチ
eq_0223_踏み板式ブランコ,23,愛知海岸緑地,踏み板式ブランコ,c,514061,3,2025-05,1960.0,65,0.5,C判定_踏み板式ブランコ
eq_0224_Athletic遊具,23,愛知海岸緑地,ﾌｨｰﾙﾄﾞｱｽﾚﾁｯｸ遊具,e,3967583,1,2025-05,1960.0,65,0.9,E判定_ﾌｨｰﾙﾄﾞｱｽﾚﾁｯｸ遊具
eq_0225_ベンチ_01,23,愛知海岸緑地,ベンチ,d,312647,2,2025-04,1960.0,65,0.7,D判定_ベンチ
eq_0226_スベリ台,24,三重緑地遊園,スベリ台,d,1727198,2,2025-01,1986.0,39,0.7,D判定_スベリ台
eq_0227_Athletic遊具,24,三重緑地遊園,ﾌｨｰﾙﾄﾞｱｽﾚﾁｯｸ遊具,c,1127422,3,2024-07,1986.0,39,0.5,C判定_ﾌｨｰﾙﾄﾞｱｽﾚﾁｯｸ遊具
eq_0228_スプリング遊具,24,三重緑地遊園,スプリング遊具,b,238500,4,2025-07,1986.0,39,0.3,B判定_スプリング遊具
eq_0229_ベンチ_01,24,三重緑地遊園,ベンチ,b,46032,4,2024-09,1986.0,39,0.3,B判定_ベンチ
eq_0230_ベンチ_02,24,三重緑地遊園,ベンチ,c,139807,3,2025-04,1986.0,39,0.5,C判定_ベンチ
eq_0231_ベンチ_03,24,三重緑地遊園,ベンチ,c,244387,3,2024-10,1986.0,39,0.5,C判定_ベンチ
eq_0232_ベンチ_04,24,三重緑地遊園,ベンチ,d,458286,2,2025-06,1986.0,39,0.7,D判定_ベンチ
eq_0233_ベンチ_05,24,三重緑地遊園,ベンチ,c,138590,3,2025-01,1986.0,39,0.5,C判定_ベンチ
eq_0234_ベンチ_06,24,三重緑地遊園,ベンチ,c,171712,3,2025-06,1986.0,39,0.5,C判定_ベンチ
eq_0235_ベンチ_07,24,三重緑地遊園,ベンチ,d,444075,2,2024-12,1986.0,39,0.7,D判定_ベンチ
eq_0236_ベンチ_08,24,三重緑地遊園,ベンチ,c,218984,3,2025-01,1986.0,39,0.5,C判定_ベンチ
eq_0237_踏み板式ブランコ,25,滋賀第三パーク,踏み板式ブランコ,b,277829,4,2024-08,1999.0,26,0.3,B判定_踏み板式ブランコ
eq_0238_スベリ台,25,滋賀第三パーク,スベリ台,b,181473,4,2024-11,1999.0,26,0.3,B判定_スベリ台
eq_0239_Athletic遊具,25,滋賀第三パーク,ﾌｨｰﾙﾄﾞｱｽﾚﾁｯｸ遊具,b,682723,4,2024-11,1999.0,26,0.3,B判定_ﾌｨｰﾙﾄﾞｱｽﾚﾁｯｸ遊具
eq_0240_スプリング遊具,25,滋賀第三パーク,スプリング遊具,b,144508,4,2024-11,1999.0,26,0.3,B判定_スプリング遊具
eq_0241_ベンチ_01,25,滋賀第三パーク,ベンチ,b,82006,4,2025-05,1999.0,26,0.3,B判定_ベンチ
eq_0242_ベンチ_02,25,滋賀第三パーク,ベンチ,a,22376,5,2024-10,1999.0,26,0.1,A判定_ベンチ
eq_0243_ベンチ_03,25,滋賀第三パーク,ベンチ,b,30301,4,2025-01,1999.0,26,0.3,B判定_ベンチ
eq_0244_踏み板式ブランコ,26,京都竹パーク,踏み板式ブランコ,c,481463,3,2025-03,1981.0,44,0.5,C判定_踏み板式ブランコ
eq_0245_スベリ台,26,京都竹パーク,スベリ台,b,307029,4,2025-03,1981.0,44,0.3,B判定_スベリ台
eq_0246_Athletic遊具,26,京都竹パーク,ﾌｨｰﾙﾄﾞｱｽﾚﾁｯｸ遊具,c,1659945,3,2024-10,1981.0,44,0.5,C判定_ﾌｨｰﾙﾄﾞｱｽﾚﾁｯｸ遊具
eq_0247_スプリング遊具,26,京都竹パーク,スプリング遊具,c,492529,3,2025-03,1981.0,44,0.5,C判定_スプリング遊具
eq_0248_ベンチ_01,26,京都竹パーク,ベンチ,c,209110,3,2025-02,1981.0,44,0.5,C判定_ベンチ
eq_0249_ベンチ_02,26,京都竹パーク,ベンチ,c,172306,3,2024-10,1981.0,44,0.5,C判定_ベンチ
eq_0250_ベンチ_03,26,京都竹パーク,ベンチ,c,221380,3,2024-07,1981.0,44,0.5,C判定_ベンチ
eq_0251_ベンチ_04,26,京都竹パーク,ベンチ,c,273292,3,2025-04,1981.0,44,0.5,C判定_ベンチ
eq_0252_ベンチ_05,26,京都竹パーク,ベンチ,c,91808,3,2024-10,1981.0,44,0.5,C判定_ベンチ
eq_0253_ベンチ_06,26,京都竹パーク,ベンチ,d,584577,2,2024-10,1981.0,44,0.7,D判定_ベンチ
eq_0254_ベンチ_07,26,京都竹パーク,ベンチ,b,105514,4,2025-04,1981.0,44,0.3,B判定_ベンチ
eq_0255_ベンチ_08,26,京都竹パーク,ベンチ,c,183114,3,2025-04,1981.0,44,0.5,C判定_ベンチ
eq_0256_ベンチ_09,26,京都竹パーク,ベンチ,c,241696,3,2024-08,1981.0,44,0.5,C判定_ベンチ
eq_0257_ベンチ_10,26,京都竹パーク,ベンチ,c,138926,3,2024-09,1981.0,44,0.5,C判定_ベンチ
eq_0258_ベンチ_11,26,京都竹パーク,ベンチ,b,36491,4,2025-05,1981.0,44,0.3,B判定_ベンチ
eq_0259_ベンチ_12,26,京都竹パーク,ベンチ,c,104114,3,2025-05,1981.0,44,0.5,C判定_ベンチ
eq_0260_Athletic遊具,27,大阪風緑地,ﾌｨｰﾙﾄﾞｱｽﾚﾁｯｸ遊具,d,3400486,2,2025-03,1974.0,51,0.7,D判定_ﾌｨｰﾙﾄﾞｱｽﾚﾁｯｸ遊具
eq_0261_踏み板式ブランコ,28,兵庫花プラザ,踏み板式ブランコ,b,168610,4,2025-03,2005.0,20,0.3,B判定_踏み板式ブランコ
eq_0262_スベリ台,28,兵庫花プラザ,スベリ台,b,412412,4,2025-03,2005.0,20,0.3,B判定_スベリ台
eq_0263_Athletic遊具,28,兵庫花プラザ,ﾌｨｰﾙﾄﾞｱｽﾚﾁｯｸ遊具,b,311185,4,2024-12,2005.0,20,0.3,B判定_ﾌｨｰﾙﾄﾞｱｽﾚﾁｯｸ遊具
eq_0264_スプリング遊具,28,兵庫花プラザ,スプリング遊具,b,89406,4,2025-02,2005.0,20,0.3,B判定_スプリング遊具
eq_0265_ベンチ_01,28,兵庫花プラザ,ベンチ,c,138951,3,2024-10,2005.0,20,0.5,C判定_ベンチ
eq_0266_ベンチ_02,28,兵庫花プラザ,ベンチ,b,108174,4,2025-01,2005.0,20,0.3,B判定_ベンチ
eq_0267_ベンチ_03,28,兵庫花プラザ,ベンチ,b,126800,4,2024-10,2005.0,20,0.3,B判定_ベンチ
eq_0268_ベンチ_04,28,兵庫花プラザ,ベンチ,b,123266,4,2025-07,2005.0,20,0.3,B判定_ベンチ
eq_0269_踏み板式ブランコ,29,奈良夕日プラザ,踏み板式ブランコ,c,888708,3,2025-07,1989.0,36,0.5,C判定_踏み板式ブランコ
eq_0270_スベリ台,29,奈良夕日プラザ,スベリ台,c,788287,3,2024-07,1989.0,36,0.5,C判定_スベリ台
eq_0271_Athletic遊具,29,奈良夕日プラザ,ﾌｨｰﾙﾄﾞｱｽﾚﾁｯｸ遊具,d,2966144,2,2024-08,1989.0,36,0.7,D判定_ﾌｨｰﾙﾄﾞｱｽﾚﾁｯｸ遊具
eq_0272_スプリング遊具,29,奈良夕日プラザ,スプリング遊具,c,498571,3,2025-04,1989.0,36,0.5,C判定_スプリング遊具
eq_0273_ベンチ_01,29,奈良夕日プラザ,ベンチ,c,146848,3,2024-11,1989.0,36,0.5,C判定_ベンチ
eq_0274_ベンチ_02,29,奈良夕日プラザ,ベンチ,c,294123,3,2025-02,1989.0,36,0.5,C判定_ベンチ
eq_0275_ベンチ_03,29,奈良夕日プラザ,ベンチ,c,103853,3,2025-01,1989.0,36,0.5,C判定_ベンチ
eq_0276_ベンチ_04,29,奈良夕日プラザ,ベンチ,c,198191,3,2025-05,1989.0,36,0.5,C判定_ベンチ
eq_0277_ベンチ_05,29,奈良夕日プラザ,ベンチ,c,223565,3,2025-02,1989.0,36,0.5,C判定_ベンチ
eq_0278_ベンチ_06,29,奈良夕日プラザ,ベンチ,b,34376,4,2025-05,1989.0,36,0.3,B判定_ベンチ
eq_0279_ベンチ_07,29,奈良夕日プラザ,ベンチ,b,98588,4,2025-05,1989.0,36,0.3,B判定_ベンチ
eq_0280_踏み板式ブランコ,30,和歌山花プラザ,踏み板式ブランコ,e,2615102,1,2024-08,1956.0,69,0.9,E判定_踏み板式ブランコ
eq_0281_スベリ台,30,和歌山花プラザ,スベリ台,d,1496480,2,2025-07,1956.0,69,0.7,D判定_スベリ台
eq_0282_Athletic遊具,30,和歌山花プラザ,ﾌｨｰﾙﾄﾞｱｽﾚﾁｯｸ遊具,e,4888348,1,2024-10,1956.0,69,0.9,E判定_ﾌｨｰﾙﾄﾞｱｽﾚﾁｯｸ遊具
eq_0283_スプリング遊具,30,和歌山花プラザ,スプリング遊具,d,1163734,2,2025-03,1956.0,69,0.7,D判定_スプリング遊具
eq_0284_ベンチ_01,30,和歌山花プラザ,ベンチ,e,677424,1,2025-02,1956.0,69,0.9,E判定_ベンチ
eq_0285_ベンチ_02,30,和歌山花プラザ,ベンチ,c,126848,3,2025-01,1956.0,69,0.5,C判定_ベンチ
eq_0286_ベンチ_03,30,和歌山花プラザ,ベンチ,d,501675,2,2024-10,1956.0,69,0.7,D判定_ベンチ
eq_0287_ベンチ_04,30,和歌山花プラザ,ベンチ,c,186567,3,2024-10,1956.0,69,0.5,C判定_ベンチ
eq_0288_ベンチ_05,30,和歌山花プラザ,ベンチ,d,496600,2,2024-09,1956.0,69,0.7,D判定_ベンチ
eq_0289_ベンチ_06,30,和歌山花プラザ,ベンチ,d,390375,2,2024-12,1956.0,69,0.7,D判定_ベンチ
eq_0290_ベンチ_07,30,和歌山花プラザ,ベンチ,d,572750,2,2024-11,1956.0,69,0.7,D判定_ベンチ
eq_0291_ベンチ_08,30,和歌山花プラザ,ベンチ,c,232257,3,2025-06,1956.0,69,0.5,C判定_ベンチ
eq_0292_ベンチ_09,30,和歌山花プラザ,ベンチ,d,358961,2,2025-05,1956.0,69,0.7,D判定_ベンチ
eq_0293_ベンチ_10,30,和歌山花プラザ,ベンチ,d,249497,2,2025-05,1956.0,69,0.7,D判定_ベンチ
eq_0294_ベンチ_11,30,和歌山花プラザ,ベンチ,d,294446,2,2025-07,1956.0,69,0.7,D判定_ベンチ
eq_0295_ベンチ_12,30,和歌山花プラザ,ベンチ,d,497352,2,2024-11,1956.0,69,0.7,D判定_ベンチ
eq_0296_ベンチ_13,30,和歌山花プラザ,ベンチ,e,818115,1,2025-04,1956.0,69,0.9,E判定_ベンチ
eq_0297_ベンチ_14,30,和歌山花プラザ,ベンチ,d,351934,2,2024-12,1956.0,69,0.7,D判定_ベンチ
eq_0298_踏み板式ブランコ,31,鳥取運動緑地,踏み板式ブランコ,b,316808,4,2025-04,1993.0,32,0.3,B判定_踏み板式ブランコ
eq_0299_スベリ台,31,鳥取運動緑地,スベリ台,b,234681,4,2024-12,1993.0,32,0.3,B判定_スベリ台
eq_0300_Athletic遊具,31,鳥取運動緑地,ﾌｨｰﾙﾄﾞｱｽﾚﾁｯｸ遊具,b,329970,4,2024-12,1993.0,32,0.3,B判定_ﾌｨｰﾙﾄﾞｱｽﾚﾁｯｸ遊具
eq_0301_スプリング遊具,31,鳥取運動緑地,スプリング遊具,c,462619,3,2024-10,1993.0,32,0.5,C判定_スプリング遊具
eq_0302_ベンチ_01,31,鳥取運動緑地,ベンチ,c,235154,3,2025-07,1993.0,32,0.5,C判定_ベンチ
eq_0303_ベンチ_02,31,鳥取運動緑地,ベンチ,b,87708,4,2025-06,1993.0,32,0.3,B判定_ベンチ
eq_0304_ベンチ_03,31,鳥取運動緑地,ベンチ,c,202447,3,2024-11,1993.0,32,0.5,C判定_ベンチ
eq_0305_ベンチ_04,31,鳥取運動緑地,ベンチ,b,31237,4,2025-05,1993.0,32,0.3,B判定_ベンチ
eq_0306_ベンチ_05,31,鳥取運動緑地,ベンチ,c,191510,3,2025-04,1993.0,32,0.5,C判定_ベンチ
eq_0307_スベリ台,32,島根歴史緑地,スベリ台,d,2236406,2,2024-10,1971.0,54,0.7,D判定_スベリ台
eq_0308_スベリ台,33,岡山花広場,スベリ台,a,204158,5,2024-10,2006.0,19,0.1,A判定_スベリ台
eq_0309_スプリング遊具,33,岡山花広場,スプリング遊具,a,60603,5,2025-02,2006.0,19,0.1,A判定_スプリング遊具
eq_0310_ベンチ_01,33,岡山花広場,ベンチ,b,94070,4,2025-06,2006.0,19,0.3,B判定_ベンチ
eq_0311_踏み板式ブランコ,34,広島月公園,踏み板式ブランコ,d,1236969,2,2024-09,1979.0,46,0.7,D判定_踏み板式ブランコ
eq_0312_スベリ台,34,広島月公園,スベリ台,e,1823798,1,2024-12,1979.0,46,0.9,E判定_スベリ台
eq_0313_スプリング遊具,34,広島月公園,スプリング遊具,d,658169,2,2024-09,1979.0,46,0.7,D判定_スプリング遊具
eq_0314_ベンチ_01,34,広島月公園,ベンチ,d,441774,2,2025-01,1979.0,46,0.7,D判定_ベンチ
eq_0315_ベンチ_02,34,広島月公園,ベンチ,d,320624,2,2024-09,1979.0,46,0.7,D判定_ベンチ
eq_0316_ベンチ_03,34,広島月公園,ベンチ,d,554998,2,2025-05,1979.0,46,0.7,D判定_ベンチ
eq_0317_ベンチ_04,34,広島月公園,ベンチ,d,540511,2,2024-08,1979.0,46,0.7,D判定_ベンチ
eq_0318_ベンチ_05,34,広島月公園,ベンチ,c,277372,3,2024-10,1979.0,46,0.5,C判定_ベンチ
eq_0319_ベンチ_06,34,広島月公園,ベンチ,e,495530,1,2024-08,1979.0,46,0.9,E判定_ベンチ
eq_0320_ベンチ_07,34,広島月公園,ベンチ,d,280251,2,2025-03,1979.0,46,0.7,D判定_ベンチ
eq_0321_ベンチ_08,34,広島月公園,ベンチ,c,184725,3,2025-02,1979.0,46,0.5,C判定_ベンチ
eq_0322_ベンチ_09,34,広島月公園,ベンチ,d,247341,2,2025-06,1979.0,46,0.7,D判定_ベンチ
eq_0323_ベンチ_10,34,広島月公園,ベンチ,d,596100,2,2024-08,1979.0,46,0.7,D判定_ベンチ
eq_0324_ベンチ_11,34,広島月公園,ベンチ,c,264606,3,2025-05,1979.0,46,0.5,C判定_ベンチ
eq_0325_踏み板式ブランコ,35,山口海岸広場,踏み板式ブランコ,b,428504,4,2025-04,1997.0,28,0.3,B判定_踏み板式ブランコ
eq_0326_スベリ台,35,山口海岸広場,スベリ台,c,1079954,3,2025-04,1997.0,28,0.5,C判定_スベリ台
eq_0327_踏み板式ブランコ,36,徳島山手公園,踏み板式ブランコ,d,1773063,2,2025-03,1969.0,56,0.7,D判定_踏み板式ブランコ
eq_0328_スベリ台,36,徳島山手公園,スベリ台,c,679681,3,2025-06,1969.0,56,0.5,C判定_スベリ台
eq_0329_Athletic遊具,36,徳島山手公園,ﾌｨｰﾙﾄﾞｱｽﾚﾁｯｸ遊具,c,571555,3,2024-12,1969.0,56,0.5,C判定_ﾌｨｰﾙﾄﾞｱｽﾚﾁｯｸ遊具
eq_0330_スプリング遊具,36,徳島山手公園,スプリング遊具,d,618408,2,2025-03,1969.0,56,0.7,D判定_スプリング遊具
eq_0331_ベンチ_01,36,徳島山手公園,ベンチ,c,219163,3,2025-06,1969.0,56,0.5,C判定_ベンチ
eq_0332_ベンチ_02,36,徳島山手公園,ベンチ,e,744406,1,2025-05,1969.0,56,0.9,E判定_ベンチ
eq_0333_ベンチ_03,36,徳島山手公園,ベンチ,d,514080,2,2024-09,1969.0,56,0.7,D判定_ベンチ
eq_0334_ベンチ_04,36,徳島山手公園,ベンチ,c,264865,3,2025-01,1969.0,56,0.5,C判定_ベンチ
eq_0335_ベンチ_05,36,徳島山手公園,ベンチ,c,94389,3,2025-01,1969.0,56,0.5,C判定_ベンチ
eq_0336_ベンチ_06,36,徳島山手公園,ベンチ,c,199776,3,2025-05,1969.0,56,0.5,C判定_ベンチ
eq_0337_ベンチ_07,36,徳島山手公園,ベンチ,e,791574,1,2025-02,1969.0,56,0.9,E判定_ベンチ
eq_0338_ベンチ_08,36,徳島山手公園,ベンチ,d,481893,2,2025-02,1969.0,56,0.7,D判定_ベンチ
eq_0339_踏み板式ブランコ,37,香川南緑地,踏み板式ブランコ,c,683709,3,2025-03,1971.0,54,0.5,C判定_踏み板式ブランコ
eq_0340_スベリ台,37,香川南緑地,スベリ台,e,2832592,1,2024-12,1971.0,54,0.9,E判定_スベリ台
eq_0341_Athletic遊具,37,香川南緑地,ﾌｨｰﾙﾄﾞｱｽﾚﾁｯｸ遊具,e,3760664,1,2024-08,1971.0,54,0.9,E判定_ﾌｨｰﾙﾄﾞｱｽﾚﾁｯｸ遊具
eq_0342_スプリング遊具,37,香川南緑地,スプリング遊具,d,573934,2,2025-04,1971.0,54,0.7,D判定_スプリング遊具
eq_0343_ベンチ_01,37,香川南緑地,ベンチ,c,216759,3,2024-12,1971.0,54,0.5,C判定_ベンチ
eq_0344_ベンチ_02,37,香川南緑地,ベンチ,c,97621,3,2025-04,1971.0,54,0.5,C判定_ベンチ
eq_0345_ベンチ_03,37,香川南緑地,ベンチ,d,422968,2,2024-09,1971.0,54,0.7,D判定_ベンチ
eq_0346_ベンチ_04,37,香川南緑地,ベンチ,c,116130,3,2025-05,1971.0,54,0.5,C判定_ベンチ
eq_0347_ベンチ_05,37,香川南緑地,ベンチ,d,332199,2,2025-03,1971.0,54,0.7,D判定_ベンチ
eq_0348_踏み板式ブランコ,38,愛媛小遊園,踏み板式ブランコ,d,1590283,2,2025-01,1959.0,66,0.7,D判定_踏み板式ブランコ
eq_0349_Athletic遊具,38,愛媛小遊園,ﾌｨｰﾙﾄﾞｱｽﾚﾁｯｸ遊具,e,3222882,1,2024-09,1959.0,66,0.9,E判定_ﾌｨｰﾙﾄﾞｱｽﾚﾁｯｸ遊具
eq_0350_ベンチ_01,38,愛媛小遊園,ベンチ,d,526785,2,2025-07,1959.0,66,0.7,D判定_ベンチ
eq_0351_ベンチ_02,38,愛媛小遊園,ベンチ,d,286609,2,2025-02,1959.0,66,0.7,D判定_ベンチ
eq_0352_ベンチ_03,38,愛媛小遊園,ベンチ,e,763485,1,2025-03,1959.0,66,0.9,E判定_ベンチ
eq_0353_スプリング遊具,39,高知文化緑地,スプリング遊具,d,1122812,2,2025-06,1975.0,50,0.7,D判定_スプリング遊具
eq_0354_ベンチ_01,39,高知文化緑地,ベンチ,d,488867,2,2025-03,1975.0,50,0.7,D判定_ベンチ
eq_0355_踏み板式ブランコ,40,福岡第二広場,踏み板式ブランコ,d,995055,2,2025-02,1980.0,45,0.7,D判定_踏み板式ブランコ
eq_0356_Athletic遊具,40,福岡第二広場,ﾌｨｰﾙﾄﾞｱｽﾚﾁｯｸ遊具,d,3098197,2,2024-08,1980.0,45,0.7,D判定_ﾌｨｰﾙﾄﾞｱｽﾚﾁｯｸ遊具
eq_0357_踏み板式ブランコ,41,佐賀緑地プラザ,踏み板式ブランコ,e,1986580,1,2025-02,1976.0,49,0.9,E判定_踏み板式ブランコ
eq_0358_Athletic遊具,41,佐賀緑地プラザ,ﾌｨｰﾙﾄﾞｱｽﾚﾁｯｸ遊具,d,2199733,2,2024-12,1976.0,49,0.7,D判定_ﾌｨｰﾙﾄﾞｱｽﾚﾁｯｸ遊具
eq_0359_ベンチ_01,41,佐賀緑地プラザ,ベンチ,c,199477,3,2025-03,1976.0,49,0.5,C判定_ベンチ
eq_0360_ベンチ_02,41,佐賀緑地プラザ,ベンチ,d,412886,2,2024-12,1976.0,49,0.7,D判定_ベンチ
eq_0361_スベリ台,42,長崎紅葉緑地,スベリ台,d,2154453,2,2024-09,1990.0,35,0.7,D判定_スベリ台
eq_0362_Athletic遊具,42,長崎紅葉緑地,ﾌｨｰﾙﾄﾞｱｽﾚﾁｯｸ遊具,d,2867637,2,2024-12,1990.0,35,0.7,D判定_ﾌｨｰﾙﾄﾞｱｽﾚﾁｯｸ遊具
eq_0363_スプリング遊具,42,長崎紅葉緑地,スプリング遊具,b,256757,4,2025-06,1990.0,35,0.3,B判定_スプリング遊具
eq_0364_ベンチ_01,42,長崎紅葉緑地,ベンチ,c,257643,3,2025-02,1990.0,35,0.5,C判定_ベンチ
eq_0365_ベンチ_02,42,長崎紅葉緑地,ベンチ,c,261715,3,2025-06,1990.0,35,0.5,C判定_ベンチ
eq_0366_ベンチ_03,42,長崎紅葉緑地,ベンチ,b,78476,4,2025-06,1990.0,35,0.3,B判定_ベンチ
eq_0367_ベンチ_04,42,長崎紅葉緑地,ベンチ,b,36277,4,2024-10,1990.0,35,0.3,B判定_ベンチ
eq_0368_ベンチ_05,42,長崎紅葉緑地,ベンチ,d,422281,2,2025-02,1990.0,35,0.7,D判定_ベンチ
eq_0369_ベンチ_06,42,長崎紅葉緑地,ベンチ,c,147113,3,2025-04,1990.0,35,0.5,C判定_ベンチ
eq_0370_ベンチ_07,42,長崎紅葉緑地,ベンチ,b,108990,4,2024-12,1990.0,35,0.3,B判定_ベンチ
eq_0371_踏み板式ブランコ,43,熊本第三ガーデン,踏み板式ブランコ,c,995805,3,2025-03,1978.0,47,0.5,C判定_踏み板式ブランコ
eq_0372_スベリ台,43,熊本第三ガーデン,スベリ台,d,2277000,2,2024-12,1978.0,47,0.7,D判定_スベリ台
eq_0373_Athletic遊具,43,熊本第三ガーデン,ﾌｨｰﾙﾄﾞｱｽﾚﾁｯｸ遊具,c,1245857,3,2024-08,1978.0,47,0.5,C判定_ﾌｨｰﾙﾄﾞｱｽﾚﾁｯｸ遊具
eq_0374_ベンチ_01,43,熊本第三ガーデン,ベンチ,c,167113,3,2024-10,1978.0,47,0.5,C判定_ベンチ
eq_0375_ベンチ_02,43,熊本第三ガーデン,ベンチ,c,208299,3,2025-06,1978.0,47,0.5,C判定_ベンチ
eq_0376_ベンチ_03,43,熊本第三ガーデン,ベンチ,c,178870,3,2025-03,1978.0,47,0.5,C判定_ベンチ
eq_0377_ベンチ_04,43,熊本第三ガーデン,ベンチ,d,296840,2,2024-08,1978.0,47,0.7,D判定_ベンチ
eq_0378_ベンチ_05,43,熊本第三ガーデン,ベンチ,e,829909,1,2025-03,1978.0,47,0.9,E判定_ベンチ
eq_0379_ベンチ_06,43,熊本第三ガーデン,ベンチ,c,164186,3,2025-01,1978.0,47,0.5,C判定_ベンチ
eq_0380_ベンチ_07,43,熊本第三ガーデン,ベンチ,c,271192,3,2024-08,1978.0,47,0.5,C判定_ベンチ
eq_0381_Athletic遊具,44,大分旧ガーデン,ﾌｨｰﾙﾄﾞｱｽﾚﾁｯｸ遊具,a,99941,5,2024-09,2000.0,25,0.1,A判定_ﾌｨｰﾙﾄﾞｱｽﾚﾁｯｸ遊具
eq_0382_スプリング遊具,44,大分旧ガーデン,スプリング遊具,b,245709,4,2024-12,2000.0,25,0.3,B判定_スプリング遊具
eq_0383_スベリ台,45,宮崎河川パーク,スベリ台,c,427230,3,2025-05,1990.0,35,0.5,C判定_スベリ台
eq_0384_Athletic遊具,45,宮崎河川パーク,ﾌｨｰﾙﾄﾞｱｽﾚﾁｯｸ遊具,b,721585,4,2025-04,1990.0,35,0.3,B判定_ﾌｨｰﾙﾄﾞｱｽﾚﾁｯｸ遊具
eq_0385_ベンチ_01,45,宮崎河川パーク,ベンチ,d,496570,2,2024-09,1990.0,35,0.7,D判定_ベンチ
eq_0386_スプリング遊具,46,鹿児島松緑地,スプリング遊具,d,1018098,2,2025-01,1952.0,73,0.7,D判定_スプリング遊具
eq_0387_ベンチ_01,46,鹿児島松緑地,ベンチ,d,427865,2,2025-06,1952.0,73,0.7,D判定_ベンチ
eq_0388_ベンチ_02,46,鹿児島松緑地,ベンチ,e,860645,1,2025-06,1952.0,73,0.9,E判定_ベンチ
eq_0389_ベンチ_03,46,鹿児島松緑地,ベンチ,d,389978,2,2025-03,1952.0,73,0.7,D判定_ベンチ
eq_0390_踏み板式ブランコ,47,沖縄第三パーク,踏み板式ブランコ,c,675718,3,2025-03,1999.0,26,0.5,C判定_踏み板式ブランコ
eq_0391_スベリ台,47,沖縄第三パーク,スベリ台,b,540390,4,2025-06,1999.0,26,0.3,B判定_スベリ台
eq_0392_Athletic遊具,47,沖縄第三パーク,ﾌｨｰﾙﾄﾞｱｽﾚﾁｯｸ遊具,b,472021,4,2025-02,1999.0,26,0.3,B判定_ﾌｨｰﾙﾄﾞｱｽﾚﾁｯｸ遊具
eq_0393_ベンチ_01,47,沖縄第三パーク,ベンチ,b,110106,4,2024-11,1999.0,26,0.3,B判定_ベンチ
eq_0394_ベンチ_02,47,沖縄第三パーク,ベンチ,a,55820,5,2024-10,1999.0,26,0.1,A判定_ベンチ
eq_0395_ベンチ_03,47,沖縄第三パーク,ベンチ,b,51571,4,2025-02,1999.0,26,0.3,B判定_ベンチ
eq_0396_ベンチ_04,47,沖縄第三パーク,ベンチ,b,61218,4,2025-04,1999.0,26,0.3,B判定_ベンチ
eq_0397_ベンチ_05,47,沖縄第三パーク,ベンチ,c,274671,3,2025-06,1999.0,26,0.5,C判定_ベンチ
eq_0398_ベンチ_06,47,沖縄第三パーク,ベンチ,c,274105,3,2024-11,1999.0,26,0.5,C判定_ベンチ
eq_0399_ベンチ_07,47,沖縄第三パーク,ベンチ,b,143017,4,2024-12,1999.0,26,0.3,B判定_ベンチ
eq_0400_ベンチ_08,47,沖縄第三パーク,ベンチ,b,117225,4,2025-07,1999.0,26,0.3,B判定_ベンチ
eq_0401_ベンチ_09,47,沖縄第三パーク,ベンチ,a,29493,5,2024-11,1999.0,26,0.1,A判定_ベンチ
eq_0402_ベンチ_10,47,沖縄第三パーク,ベンチ,b,103164,4,2024-12,1999.0,26,0.3,B判定_ベンチ
eq_0403_踏み板式ブランコ,48,山口第二プラザ,踏み板式ブランコ,b,437884,4,2025-03,1998.0,27,0.3,B判定_踏み板式ブランコ
eq_0404_スベリ台,48,山口第二プラザ,スベリ台,c,1165498,3,2025-02,1998.0,27,0.5,C判定_スベリ台
eq_0405_Athletic遊具,48,山口第二プラザ,ﾌｨｰﾙﾄﾞｱｽﾚﾁｯｸ遊具,b,667335,4,2024-10,1998.0,27,0.3,B判定_ﾌｨｰﾙﾄﾞｱｽﾚﾁｯｸ遊具
eq_0406_ベンチ_01,48,山口第二プラザ,ベンチ,b,137422,4,2025-05,1998.0,27,0.3,B判定_ベンチ
eq_0407_ベンチ_02,48,山口第二プラザ,ベンチ,a,21817,5,2024-07,1998.0,27,0.1,A判定_ベンチ
eq_0408_ベンチ_03,48,山口第二プラザ,ベンチ,b,123198,4,2024-11,1998.0,27,0.3,B判定_ベンチ
eq_0409_ベンチ_04,48,山口第二プラザ,ベンチ,b,69421,4,2025-04,1998.0,27,0.3,B判定_ベンチ
eq_0410_ベンチ_05,48,山口第二プラザ,ベンチ,b,145901,4,2025-04,1998.0,27,0.3,B判定_ベンチ
eq_0411_ベンチ_06,48,山口第二プラザ,ベンチ,a,17950,5,2025-02,1998.0,27,0.1,A判定_ベンチ
eq_0412_ベンチ_07,48,山口第二プラザ,ベンチ,b,102630,4,2024-08,1998.0,27,0.3,B判定_ベンチ
eq_0413_ベンチ_08,48,山口第二プラザ,ベンチ,b,105117,4,2025-06,1998.0,27,0.3,B判定_ベンチ
eq_0414_ベンチ_09,48,山口第二プラザ,ベンチ,b,137273,4,2025-04,1998.0,27,0.3,B判定_ベンチ
eq_0415_ベンチ_10,48,山口第二プラザ,ベンチ,c,207145,3,2025-04,1998.0,27,0.5,C判定_ベンチ
eq_0416_ベンチ_11,48,山口第二プラザ,ベンチ,b,33487,4,2025-03,1998.0,27,0.3,B判定_ベンチ
eq_0417_ベンチ_12,48,山口第二プラザ,ベンチ,c,182864,3,2024-11,1998.0,27,0.5,C判定_ベンチ
eq_0418_ベンチ_13,48,山口第二プラザ,ベンチ,b,130320,4,2025-01,1998.0,27,0.3,B判定_ベンチ
eq_0419_ベンチ_14,48,山口第二プラザ,ベンチ,b,106679,4,2025-05,1998.0,27,0.3,B判定_ベンチ
eq_0420_踏み板式ブランコ,49,石川第二プラザ,踏み板式ブランコ,b,281872,4,2024-11,1998.0,27,0.3,B判定_踏み板式ブランコ
eq_0421_スベリ台,49,石川第二プラザ,スベリ台,a,67105,5,2025-03,1998.0,27,0.1,A判定_スベリ台
eq_0422_Athletic遊具,49,石川第二プラザ,ﾌｨｰﾙﾄﾞｱｽﾚﾁｯｸ遊具,b,465244,4,2024-10,1998.0,27,0.3,B判定_ﾌｨｰﾙﾄﾞｱｽﾚﾁｯｸ遊具
eq_0423_スプリング遊具,49,石川第二プラザ,スプリング遊具,a,74912,5,2024-12,1998.0,27,0.1,A判定_スプリング遊具
eq_0424_ベンチ_01,49,石川第二プラザ,ベンチ,c,297501,3,2025-01,1998.0,27,0.5,C判定_ベンチ
eq_0425_ベンチ_02,49,石川第二プラザ,ベンチ,b,37863,4,2025-06,1998.0,27,0.3,B判定_ベンチ
eq_0426_ベンチ_03,49,石川第二プラザ,ベンチ,b,51789,4,2025-01,1998.0,27,0.3,B判定_ベンチ
eq_0427_ベンチ_04,49,石川第二プラザ,ベンチ,b,97842,4,2025-02,1998.0,27,0.3,B判定_ベンチ
eq_0428_踏み板式ブランコ,50,兵庫桜パーク,踏み板式ブランコ,b,180414,4,2025-05,2003.0,22,0.3,B判定_踏み板式ブランコ
eq_0429_スベリ台,50,兵庫桜パーク,スベリ台,b,333828,4,2024-10,2003.0,22,0.3,B判定_スベリ台
eq_0430_スプリング遊具,50,兵庫桜パーク,スプリング遊具,b,292668,4,2024-11,2003.0,22,0.3,B判定_スプリング遊具
eq_0431_ベンチ_01,50,兵庫桜パーク,ベンチ,b,140800,4,2024-10,2003.0,22,0.3,B判定_ベンチ
eq_0432_ベンチ_02,50,兵庫桜パーク,ベンチ,a,34545,5,2025-01,2003.0,22,0.1,A判定_ベンチ
eq_0433_ベンチ_03,50,兵庫桜パーク,ベンチ,b,74581,4,2024-11,2003.0,22,0.3,B判定_ベンチ
eq_0434_ベンチ_04,50,兵庫桜パーク,ベンチ,b,97104,4,2025-02,2003.0,22,0.3,B判定_ベンチ
eq_0435_ベンチ_05,50,兵庫桜パーク,ベンチ,a,24379,5,2024-09,2003.0,22,0.1,A判定_ベンチ
eq_0436_踏み板式ブランコ,51,岩手歴史広場,踏み板式ブランコ,a,115566,5,2025-03,2008.0,17,0.1,A判定_踏み板式ブランコ
eq_0437_スベリ台,51,岩手歴史広場,スベリ台,a,167016,5,2024-11,2008.0,17,0.1,A判定_スベリ台
eq_0438_Athletic遊具,51,岩手歴史広場,ﾌｨｰﾙﾄﾞｱｽﾚﾁｯｸ遊具,b,341969,4,2025-03,2008.0,17,0.3,B判定_ﾌｨｰﾙﾄﾞｱｽﾚﾁｯｸ遊具
eq_0439_スプリング遊具,51,岩手歴史広場,スプリング遊具,a,52889,5,2025-05,2008.0,17,0.1,A判定_スプリング遊具
eq_0440_ベンチ_01,51,岩手歴史広場,ベンチ,b,143985,4,2025-01,2008.0,17,0.3,B判定_ベンチ
eq_0441_ベンチ_02,51,岩手歴史広場,ベンチ,a,29535,5,2024-08,2008.0,17,0.1,A判定_ベンチ
eq_0442_ベンチ_03,51,岩手歴史広場,ベンチ,a,32015,5,2025-05,2008.0,17,0.1,A判定_ベンチ
eq_0443_ベンチ_04,51,岩手歴史広場,ベンチ,a,56502,5,2024-12,2008.0,17,0.1,A判定_ベンチ
eq_0444_ベンチ_05,51,岩手歴史広場,ベンチ,a,28415,5,2024-11,2008.0,17,0.1,A判定_ベンチ
eq_0445_ベンチ_06,51,岩手歴史広場,ベンチ,b,80941,4,2024-11,2008.0,17,0.3,B判定_ベンチ
eq_0446_ベンチ_07,51,岩手歴史広場,ベンチ,b,71232,4,2024-08,2008.0,17,0.3,B判定_ベンチ
eq_0447_ベンチ_08,51,岩手歴史広場,ベンチ,b,47472,4,2024-11,2008.0,17,0.3,B判定_ベンチ
eq_0448_ベンチ_09,51,岩手歴史広場,ベンチ,b,71620,4,2024-09,2008.0,17,0.3,B判定_ベンチ
eq_0449_ベンチ_10,51,岩手歴史広場,ベンチ,a,21613,5,2025-04,2008.0,17,0.1,A判定_ベンチ
eq_0450_ベンチ_11,51,岩手歴史広場,ベンチ,a,50141,5,2025-05,2008.0,17,0.1,A判定_ベンチ
eq_0451_踏み板式ブランコ,52,岡山希望広場,踏み板式ブランコ,c,967573,3,2025-01,1983.0,42,0.5,C判定_踏み板式ブランコ
eq_0452_スベリ台,52,岡山希望広場,スベリ台,c,908636,3,2024-08,1983.0,42,0.5,C判定_スベリ台
eq_0453_Athletic遊具,52,岡山希望広場,ﾌｨｰﾙﾄﾞｱｽﾚﾁｯｸ遊具,b,823381,4,2025-02,1983.0,42,0.3,B判定_ﾌｨｰﾙﾄﾞｱｽﾚﾁｯｸ遊具
eq_0454_スプリング遊具,52,岡山希望広場,スプリング遊具,d,824930,2,2024-10,1983.0,42,0.7,D判定_スプリング遊具
eq_0455_ベンチ_01,52,岡山希望広場,ベンチ,c,267562,3,2025-02,1983.0,42,0.5,C判定_ベンチ
eq_0456_ベンチ_02,52,岡山希望広場,ベンチ,c,205277,3,2025-02,1983.0,42,0.5,C判定_ベンチ
eq_0457_ベンチ_03,52,岡山希望広場,ベンチ,b,91652,4,2024-10,1983.0,42,0.3,B判定_ベンチ
eq_0458_ベンチ_04,52,岡山希望広場,ベンチ,c,266958,3,2025-07,1983.0,42,0.5,C判定_ベンチ
eq_0459_ベンチ_05,52,岡山希望広場,ベンチ,c,134592,3,2025-01,1983.0,42,0.5,C判定_ベンチ
eq_0460_ベンチ_06,52,岡山希望広場,ベンチ,b,66367,4,2024-08,1983.0,42,0.3,B判定_ベンチ
eq_0461_ベンチ_07,52,岡山希望広場,ベンチ,c,245200,3,2024-08,1983.0,42,0.5,C判定_ベンチ
eq_0462_ベンチ_08,52,岡山希望広場,ベンチ,b,136182,4,2025-06,1983.0,42,0.3,B判定_ベンチ
eq_0463_ベンチ_09,52,岡山希望広場,ベンチ,c,211572,3,2024-10,1983.0,42,0.5,C判定_ベンチ
eq_0464_ベンチ_10,52,岡山希望広場,ベンチ,d,299442,2,2025-05,1983.0,42,0.7,D判定_ベンチ
eq_0465_ベンチ_11,52,岡山希望広場,ベンチ,b,57510,4,2024-11,1983.0,42,0.3,B判定_ベンチ
eq_0466_ベンチ_12,52,岡山希望広場,ベンチ,c,231240,3,2025-02,1983.0,42,0.5,C判定_ベンチ
eq_0467_ベンチ_13,52,岡山希望広場,ベンチ,b,72591,4,2025-01,1983.0,42,0.3,B判定_ベンチ
eq_0468_ベンチ_14,52,岡山希望広場,ベンチ,c,176665,3,2025-06,1983.0,42,0.5,C判定_ベンチ
eq_0469_ベンチ_15,52,岡山希望広場,ベンチ,b,51926,4,2025-01,1983.0,42,0.3,B判定_ベンチ
eq_0470_スベリ台,53,宮崎夕日パーク,スベリ台,d,2332699,2,2025-04,1951.0,74,0.7,D判定_スベリ台
eq_0471_ベンチ_01,53,宮崎夕日パーク,ベンチ,c,199547,3,2025-02,1951.0,74,0.5,C判定_ベンチ
eq_0472_踏み板式ブランコ,54,石川星プラザ,踏み板式ブランコ,c,458623,3,2024-08,2004.0,21,0.5,C判定_踏み板式ブランコ
eq_0473_ベンチ_01,54,石川星プラザ,ベンチ,c,262307,3,2025-07,2004.0,21,0.5,C判定_ベンチ
eq_0474_ベンチ_02,54,石川星プラザ,ベンチ,c,112821,3,2024-11,2004.0,21,0.5,C判定_ベンチ
eq_0475_ベンチ_03,54,石川星プラザ,ベンチ,b,99696,4,2025-06,2004.0,21,0.3,B判定_ベンチ
eq_0476_Athletic遊具,55,東京風緑地,ﾌｨｰﾙﾄﾞｱｽﾚﾁｯｸ遊具,c,1041602,3,2024-12,1981.0,44,0.5,C判定_ﾌｨｰﾙﾄﾞｱｽﾚﾁｯｸ遊具
eq_0477_スプリング遊具,55,東京風緑地,スプリング遊具,b,93018,4,2025-04,1981.0,44,0.3,B判定_スプリング遊具
eq_0478_Athletic遊具,56,沖縄河川遊園,ﾌｨｰﾙﾄﾞｱｽﾚﾁｯｸ遊具,b,211071,4,2024-12,1996.0,29,0.3,B判定_ﾌｨｰﾙﾄﾞｱｽﾚﾁｯｸ遊具
eq_0479_スプリング遊具,56,沖縄河川遊園,スプリング遊具,b,225274,4,2025-03,1996.0,29,0.3,B判定_スプリング遊具
eq_0480_ベンチ_01,56,沖縄河川遊園,ベンチ,b,148375,4,2024-12,1996.0,29,0.3,B判定_ベンチ
eq_0481_ベンチ_02,56,沖縄河川遊園,ベンチ,b,55366,4,2024-12,1996.0,29,0.3,B判定_ベンチ
eq_0482_ベンチ_03,56,沖縄河川遊園,ベンチ,c,110566,3,2024-08,1996.0,29,0.5,C判定_ベンチ
eq_0483_ベンチ_04,56,沖縄河川遊園,ベンチ,a,17642,5,2024-11,1996.0,29,0.1,A判定_ベンチ
eq_0484_ベンチ_05,56,沖縄河川遊園,ベンチ,a,43544,5,2024-10,1996.0,29,0.1,A判定_ベンチ
eq_0485_ベンチ_06,56,沖縄河川遊園,ベンチ,c,148341,3,2025-04,1996.0,29,0.5,C判定_ベンチ
eq_0486_ベンチ_07,56,沖縄河川遊園,ベンチ,b,105962,4,2024-10,1996.0,29,0.3,B判定_ベンチ
eq_0487_ベンチ_08,56,沖縄河川遊園,ベンチ,c,292407,3,2025-02,1996.0,29,0.5,C判定_ベンチ
eq_0488_スベリ台,57,山形星公園,スベリ台,c,732010,3,2024-12,2001.0,24,0.5,C判定_スベリ台
eq_0489_踏み板式ブランコ,58,神奈川東広場,踏み板式ブランコ,b,479299,4,2024-11,2007.0,18,0.3,B判定_踏み板式ブランコ
eq_0490_スベリ台,58,神奈川東広場,スベリ台,b,333439,4,2025-02,2007.0,18,0.3,B判定_スベリ台
eq_0491_Athletic遊具,58,神奈川東広場,ﾌｨｰﾙﾄﾞｱｽﾚﾁｯｸ遊具,a,120105,5,2025-04,2007.0,18,0.1,A判定_ﾌｨｰﾙﾄﾞｱｽﾚﾁｯｸ遊具
eq_0492_スプリング遊具,58,神奈川東広場,スプリング遊具,a,95478,5,2024-10,2007.0,18,0.1,A判定_スプリング遊具
eq_0493_ベンチ_01,58,神奈川東広場,ベンチ,a,24513,5,2024-12,2007.0,18,0.1,A判定_ベンチ
eq_0494_ベンチ_02,58,神奈川東広場,ベンチ,b,69911,4,2025-03,2007.0,18,0.3,B判定_ベンチ
eq_0495_ベンチ_03,58,神奈川東広場,ベンチ,a,22033,5,2025-03,2007.0,18,0.1,A判定_ベンチ
eq_0496_ベンチ_04,58,神奈川東広場,ベンチ,b,106003,4,2024-08,2007.0,18,0.3,B判定_ベンチ
eq_0497_ベンチ_05,58,神奈川東広場,ベンチ,a,48984,5,2025-04,2007.0,18,0.1,A判定_ベンチ
eq_0498_ベンチ_06,58,神奈川東広場,ベンチ,a,31049,5,2025-06,2007.0,18,0.1,A判定_ベンチ
eq_0499_ベンチ_07,58,神奈川東広場,ベンチ,a,40991,5,2025-03,2007.0,18,0.1,A判定_ベンチ
eq_0500_ベンチ_08,58,神奈川東広場,ベンチ,a,39595,5,2025-01,2007.0,18,0.1,A判定_ベンチ
eq_0501_ベンチ_09,58,神奈川東広場,ベンチ,a,27160,5,2025-02,2007.0,18,0.1,A判定_ベンチ
eq_0502_ベンチ_10,58,神奈川東広場,ベンチ,a,17956,5,2025-05,2007.0,18,0.1,A判定_ベンチ
eq_0503_ベンチ_11,58,神奈川東広場,ベンチ,a,59580,5,2025-02,2007.0,18,0.1,A判定_ベンチ
eq_0504_ベンチ_12,58,神奈川東広場,ベンチ,a,31886,5,2025-06,2007.0,18,0.1,A判定_ベンチ
eq_0505_ベンチ_13,58,神奈川東広場,ベンチ,b,30283,4,2025-05,2007.0,18,0.3,B判定_ベンチ
eq_0506_ベンチ_14,58,神奈川東広場,ベンチ,a,30066,5,2025-01,2007.0,18,0.1,A判定_ベンチ
eq_0507_ベンチ_15,58,神奈川東広場,ベンチ,a,21120,5,2024-07,2007.0,18,0.1,A判定_ベンチ
eq_0508_踏み板式ブランコ,59,徳島小広場,踏み板式ブランコ,b,161443,4,2024-09,2000.0,25,0.3,B判定_踏み板式ブランコ
eq_0509_スベリ台,59,徳島小広場,スベリ台,a,168159,5,2025-04,2000.0,25,0.1,A判定_スベリ台
eq_0510_Athletic遊具,59,徳島小広場,ﾌｨｰﾙﾄﾞｱｽﾚﾁｯｸ遊具,a,196056,5,2025-07,2000.0,25,0.1,A判定_ﾌｨｰﾙﾄﾞｱｽﾚﾁｯｸ遊具
eq_0511_スプリング遊具,59,徳島小広場,スプリング遊具,b,91638,4,2025-01,2000.0,25,0.3,B判定_スプリング遊具
eq_0512_ベンチ_01,59,徳島小広場,ベンチ,c,192174,3,2024-12,2000.0,25,0.5,C判定_ベンチ
eq_0513_ベンチ_02,59,徳島小広場,ベンチ,a,28342,5,2025-02,2000.0,25,0.1,A判定_ベンチ
eq_0514_ベンチ_03,59,徳島小広場,ベンチ,a,46763,5,2024-11,2000.0,25,0.1,A判定_ベンチ
eq_0515_ベンチ_04,59,徳島小広場,ベンチ,c,221304,3,2024-10,2000.0,25,0.5,C判定_ベンチ
eq_0516_ベンチ_05,59,徳島小広場,ベンチ,b,133216,4,2025-06,2000.0,25,0.3,B判定_ベンチ
eq_0517_ベンチ_06,59,徳島小広場,ベンチ,b,145817,4,2024-08,2000.0,25,0.3,B判定_ベンチ
eq_0518_ベンチ_07,59,徳島小広場,ベンチ,b,133287,4,2024-10,2000.0,25,0.3,B判定_ベンチ
eq_0519_ベンチ_08,59,徳島小広場,ベンチ,a,42067,5,2025-03,2000.0,25,0.1,A判定_ベンチ
eq_0520_踏み板式ブランコ,60,高知文化広場,踏み板式ブランコ,c,996506,3,2025-01,1989.0,36,0.5,C判定_踏み板式ブランコ
eq_0521_スベリ台,60,高知文化広場,スベリ台,c,737397,3,2024-08,1989.0,36,0.5,C判定_スベリ台
eq_0522_Athletic遊具,60,高知文化広場,ﾌｨｰﾙﾄﾞｱｽﾚﾁｯｸ遊具,d,2321481,2,2024-07,1989.0,36,0.7,D判定_ﾌｨｰﾙﾄﾞｱｽﾚﾁｯｸ遊具
eq_0523_スプリング遊具,60,高知文化広場,スプリング遊具,c,582386,3,2025-07,1989.0,36,0.5,C判定_スプリング遊具
eq_0524_ベンチ_01,60,高知文化広場,ベンチ,b,81696,4,2025-06,1989.0,36,0.3,B判定_ベンチ
eq_0525_ベンチ_02,60,高知文化広場,ベンチ,c,105120,3,2024-07,1989.0,36,0.5,C判定_ベンチ
eq_0526_ベンチ_03,60,高知文化広場,ベンチ,c,237782,3,2024-08,1989.0,36,0.5,C判定_ベンチ
eq_0527_ベンチ_04,60,高知文化広場,ベンチ,d,316104,2,2024-11,1989.0,36,0.7,D判定_ベンチ
eq_0528_ベンチ_05,60,高知文化広場,ベンチ,b,85527,4,2024-11,1989.0,36,0.3,B判定_ベンチ
eq_0529_ベンチ_06,60,高知文化広場,ベンチ,c,221845,3,2024-09,1989.0,36,0.5,C判定_ベンチ
eq_0530_スプリング遊具,61,滋賀青葉プラザ,スプリング遊具,e,1363360,1,2024-08,1974.0,51,0.9,E判定_スプリング遊具
eq_0531_ベンチ_01,61,滋賀青葉プラザ,ベンチ,c,269917,3,2024-12,1974.0,51,0.5,C判定_ベンチ
eq_0532_ベンチ_02,61,滋賀青葉プラザ,ベンチ,c,127527,3,2025-03,1974.0,51,0.5,C判定_ベンチ
eq_0533_スベリ台,62,石川平和緑地,スベリ台,b,248536,4,2025-05,1986.0,39,0.3,B判定_スベリ台
eq_0534_Athletic遊具,62,石川平和緑地,ﾌｨｰﾙﾄﾞｱｽﾚﾁｯｸ遊具,b,762100,4,2025-01,1986.0,39,0.3,B判定_ﾌｨｰﾙﾄﾞｱｽﾚﾁｯｸ遊具
eq_0535_スプリング遊具,62,石川平和緑地,スプリング遊具,c,383901,3,2025-06,1986.0,39,0.5,C判定_スプリング遊具
eq_0536_ベンチ_01,62,石川平和緑地,ベンチ,c,192562,3,2024-08,1986.0,39,0.5,C判定_ベンチ
eq_0537_ベンチ_02,62,石川平和緑地,ベンチ,d,422751,2,2024-12,1986.0,39,0.7,D判定_ベンチ
eq_0538_ベンチ_03,62,石川平和緑地,ベンチ,c,177712,3,2025-06,1986.0,39,0.5,C判定_ベンチ
eq_0539_ベンチ_04,62,石川平和緑地,ベンチ,c,146793,3,2025-03,1986.0,39,0.5,C判定_ベンチ
eq_0540_ベンチ_05,62,石川平和緑地,ベンチ,d,245763,2,2025-02,1986.0,39,0.7,D判定_ベンチ
eq_0541_ベンチ_06,62,石川平和緑地,ベンチ,c,176453,3,2025-05,1986.0,39,0.5,C判定_ベンチ
eq_0542_踏み板式ブランコ,63,石川旧公園,踏み板式ブランコ,c,863186,3,2025-05,1991.0,34,0.5,C判定_踏み板式ブランコ
eq_0543_スベリ台,63,石川旧公園,スベリ台,c,496317,3,2024-12,1991.0,34,0.5,C判定_スベリ台
eq_0544_スプリング遊具,63,石川旧公園,スプリング遊具,c,203872,3,2025-03,1991.0,34,0.5,C判定_スプリング遊具
eq_0545_ベンチ_01,63,石川旧公園,ベンチ,d,263624,2,2024-10,1991.0,34,0.7,D判定_ベンチ
eq_0546_ベンチ_02,63,石川旧公園,ベンチ,c,192324,3,2024-11,1991.0,34,0.5,C判定_ベンチ
eq_0547_ベンチ_03,63,石川旧公園,ベンチ,c,185773,3,2024-08,1991.0,34,0.5,C判定_ベンチ
eq_0548_ベンチ_04,63,石川旧公園,ベンチ,b,40995,4,2025-01,1991.0,34,0.3,B判定_ベンチ
eq_0549_ベンチ_05,63,石川旧公園,ベンチ,d,270183,2,2025-06,1991.0,34,0.7,D判定_ベンチ
eq_0550_ベンチ_06,63,石川旧公園,ベンチ,c,150118,3,2025-04,1991.0,34,0.5,C判定_ベンチ
eq_0551_ベンチ_07,63,石川旧公園,ベンチ,b,107265,4,2025-04,1991.0,34,0.3,B判定_ベンチ
eq_0552_踏み板式ブランコ,64,愛媛西プラザ,踏み板式ブランコ,d,879167,2,2025-05,1976.0,49,0.7,D判定_踏み板式ブランコ
eq_0553_スベリ台,64,愛媛西プラザ,スベリ台,c,1189762,3,2025-05,1976.0,49,0.5,C判定_スベリ台
eq_0554_Athletic遊具,64,愛媛西プラザ,ﾌｨｰﾙﾄﾞｱｽﾚﾁｯｸ遊具,c,1506879,3,2024-11,1976.0,49,0.5,C判定_ﾌｨｰﾙﾄﾞｱｽﾚﾁｯｸ遊具
eq_0555_スプリング遊具,64,愛媛西プラザ,スプリング遊具,c,593194,3,2025-07,1976.0,49,0.5,C判定_スプリング遊具
eq_0556_ベンチ_01,64,愛媛西プラザ,ベンチ,c,161083,3,2024-11,1976.0,49,0.5,C判定_ベンチ
eq_0557_ベンチ_02,64,愛媛西プラザ,ベンチ,d,523368,2,2025-04,1976.0,49,0.7,D判定_ベンチ
eq_0558_ベンチ_03,64,愛媛西プラザ,ベンチ,d,414522,2,2025-07,1976.0,49,0.7,D判定_ベンチ
eq_0559_ベンチ_04,64,愛媛西プラザ,ベンチ,c,253145,3,2024-09,1976.0,49,0.5,C判定_ベンチ
eq_0560_ベンチ_05,64,愛媛西プラザ,ベンチ,d,542802,2,2025-03,1976.0,49,0.7,D判定_ベンチ
eq_0561_ベンチ_06,64,愛媛西プラザ,ベンチ,d,263238,2,2025-07,1976.0,49,0.7,D判定_ベンチ
eq_0562_ベンチ_07,64,愛媛西プラザ,ベンチ,d,255554,2,2025-04,1976.0,49,0.7,D判定_ベンチ
eq_0563_Athletic遊具,65,滋賀河川プラザ,ﾌｨｰﾙﾄﾞｱｽﾚﾁｯｸ遊具,b,391390,4,2025-04,1997.0,28,0.3,B判定_ﾌｨｰﾙﾄﾞｱｽﾚﾁｯｸ遊具
eq_0564_踏み板式ブランコ,66,佐賀竹パーク,踏み板式ブランコ,d,881769,2,2024-10,1979.0,46,0.7,D判定_踏み板式ブランコ
eq_0565_スベリ台,66,佐賀竹パーク,スベリ台,c,963136,3,2025-02,1979.0,46,0.5,C判定_スベリ台
eq_0566_ベンチ_01,66,佐賀竹パーク,ベンチ,d,254031,2,2025-06,1979.0,46,0.7,D判定_ベンチ
eq_0567_ベンチ_02,66,佐賀竹パーク,ベンチ,d,557343,2,2025-02,1979.0,46,0.7,D判定_ベンチ
eq_0568_ベンチ_03,66,佐賀竹パーク,ベンチ,c,249965,3,2024-10,1979.0,46,0.5,C判定_ベンチ
eq_0569_ベンチ_04,66,佐賀竹パーク,ベンチ,c,251483,3,2025-05,1979.0,46,0.5,C判定_ベンチ
eq_0570_ベンチ_05,66,佐賀竹パーク,ベンチ,e,536830,1,2025-05,1979.0,46,0.9,E判定_ベンチ
eq_0571_踏み板式ブランコ,67,千葉未来広場,踏み板式ブランコ,c,625252,3,2025-07,1989.0,36,0.5,C判定_踏み板式ブランコ
eq_0572_スベリ台,67,千葉未来広場,スベリ台,c,1052032,3,2025-03,1989.0,36,0.5,C判定_スベリ台
eq_0573_Athletic遊具,67,千葉未来広場,ﾌｨｰﾙﾄﾞｱｽﾚﾁｯｸ遊具,c,888703,3,2024-12,1989.0,36,0.5,C判定_ﾌｨｰﾙﾄﾞｱｽﾚﾁｯｸ遊具
eq_0574_スプリング遊具,67,千葉未来広場,スプリング遊具,b,243274,4,2025-02,1989.0,36,0.3,B判定_スプリング遊具
eq_0575_ベンチ_01,67,千葉未来広場,ベンチ,b,100953,4,2025-05,1989.0,36,0.3,B判定_ベンチ
eq_0576_ベンチ_02,67,千葉未来広場,ベンチ,b,135834,4,2025-03,1989.0,36,0.3,B判定_ベンチ
eq_0577_ベンチ_03,67,千葉未来広場,ベンチ,d,472046,2,2024-10,1989.0,36,0.7,D判定_ベンチ
eq_0578_ベンチ_04,67,千葉未来広場,ベンチ,c,149241,3,2025-06,1989.0,36,0.5,C判定_ベンチ
eq_0579_ベンチ_05,67,千葉未来広場,ベンチ,c,108035,3,2025-03,1989.0,36,0.5,C判定_ベンチ
eq_0580_ベンチ_06,67,千葉未来広場,ベンチ,c,284217,3,2025-03,1989.0,36,0.5,C判定_ベンチ
eq_0581_ベンチ_07,67,千葉未来広場,ベンチ,b,144863,4,2024-08,1989.0,36,0.3,B判定_ベンチ
eq_0582_ベンチ_08,67,千葉未来広場,ベンチ,d,446352,2,2024-08,1989.0,36,0.7,D判定_ベンチ
eq_0583_スベリ台,68,宮城北ガーデン,スベリ台,c,610130,3,2025-03,1982.0,43,0.5,C判定_スベリ台
eq_0584_スプリング遊具,68,宮城北ガーデン,スプリング遊具,c,389215,3,2025-04,1982.0,43,0.5,C判定_スプリング遊具
eq_0585_ベンチ_01,68,宮城北ガーデン,ベンチ,c,296475,3,2024-10,1982.0,43,0.5,C判定_ベンチ
eq_0586_ベンチ_02,68,宮城北ガーデン,ベンチ,c,191208,3,2024-10,1982.0,43,0.5,C判定_ベンチ
eq_0587_ベンチ_03,68,宮城北ガーデン,ベンチ,c,243448,3,2024-09,1982.0,43,0.5,C判定_ベンチ
eq_0588_ベンチ_04,68,宮城北ガーデン,ベンチ,c,209130,3,2025-02,1982.0,43,0.5,C判定_ベンチ
eq_0589_ベンチ_05,68,宮城北ガーデン,ベンチ,d,336808,2,2025-03,1982.0,43,0.7,D判定_ベンチ
eq_0590_ベンチ_06,68,宮城北ガーデン,ベンチ,c,138157,3,2025-07,1982.0,43,0.5,C判定_ベンチ
eq_0591_ベンチ_07,68,宮城北ガーデン,ベンチ,b,102551,4,2024-12,1982.0,43,0.3,B判定_ベンチ
eq_0592_ベンチ_08,68,宮城北ガーデン,ベンチ,d,250010,2,2024-10,1982.0,43,0.7,D判定_ベンチ
eq_0593_Athletic遊具,69,岡山北遊園,ﾌｨｰﾙﾄﾞｱｽﾚﾁｯｸ遊具,b,439621,4,2024-10,2004.0,21,0.3,B判定_ﾌｨｰﾙﾄﾞｱｽﾚﾁｯｸ遊具
eq_0594_ベンチ_01,69,岡山北遊園,ベンチ,b,44665,4,2025-04,2004.0,21,0.3,B判定_ベンチ
eq_0595_ベンチ_02,69,岡山北遊園,ベンチ,b,149249,4,2024-11,2004.0,21,0.3,B判定_ベンチ
eq_0596_踏み板式ブランコ,70,兵庫若葉パーク,踏み板式ブランコ,c,429163,3,2024-11,1980.0,45,0.5,C判定_踏み板式ブランコ
eq_0597_Athletic遊具,70,兵庫若葉パーク,ﾌｨｰﾙﾄﾞｱｽﾚﾁｯｸ遊具,c,792675,3,2024-09,1980.0,45,0.5,C判定_ﾌｨｰﾙﾄﾞｱｽﾚﾁｯｸ遊具
eq_0598_ベンチ_01,70,兵庫若葉パーク,ベンチ,d,287118,2,2024-12,1980.0,45,0.7,D判定_ベンチ
eq_0599_ベンチ_02,70,兵庫若葉パーク,ベンチ,e,543894,1,2024-10,1980.0,45,0.9,E判定_ベンチ
eq_0600_ベンチ_03,70,兵庫若葉パーク,ベンチ,d,518196,2,2025-06,1980.0,45,0.7,D判定_ベンチ
eq_0601_ベンチ_04,70,兵庫若葉パーク,ベンチ,e,524632,1,2025-04,1980.0,45,0.9,E判定_ベンチ
eq_0602_ベンチ_05,70,兵庫若葉パーク,ベンチ,e,565166,1,2025-06,1980.0,45,0.9,E判定_ベンチ
eq_0603_ベンチ_06,70,兵庫若葉パーク,ベンチ,d,292983,2,2025-04,1980.0,45,0.7,D判定_ベンチ
eq_0604_ベンチ_07,70,兵庫若葉パーク,ベンチ,d,361955,2,2024-10,1980.0,45,0.7,D判定_ベンチ
eq_0605_Athletic遊具,71,大阪雪パーク,ﾌｨｰﾙﾄﾞｱｽﾚﾁｯｸ遊具,b,552582,4,2024-10,1998.0,27,0.3,B判定_ﾌｨｰﾙﾄﾞｱｽﾚﾁｯｸ遊具
eq_0606_スプリング遊具,71,大阪雪パーク,スプリング遊具,a,93809,5,2025-07,1998.0,27,0.1,A判定_スプリング遊具
eq_0607_ベンチ_01,71,大阪雪パーク,ベンチ,b,104875,4,2024-12,1998.0,27,0.3,B判定_ベンチ
eq_0608_ベンチ_02,71,大阪雪パーク,ベンチ,b,130662,4,2025-02,1998.0,27,0.3,B判定_ベンチ
eq_0609_ベンチ_03,71,大阪雪パーク,ベンチ,b,100139,4,2024-07,1998.0,27,0.3,B判定_ベンチ
eq_0610_踏み板式ブランコ,72,秋田星公園,踏み板式ブランコ,d,1973986,2,2025-03,1968.0,57,0.7,D判定_踏み板式ブランコ
eq_0611_スベリ台,72,秋田星公園,スベリ台,e,1893579,1,2025-04,1968.0,57,0.9,E判定_スベリ台
eq_0612_Athletic遊具,72,秋田星公園,ﾌｨｰﾙﾄﾞｱｽﾚﾁｯｸ遊具,c,981518,3,2024-10,1968.0,57,0.5,C判定_ﾌｨｰﾙﾄﾞｱｽﾚﾁｯｸ遊具
eq_0613_スプリング遊具,72,秋田星公園,スプリング遊具,d,1085197,2,2024-07,1968.0,57,0.7,D判定_スプリング遊具
eq_0614_ベンチ_01,72,秋田星公園,ベンチ,d,470179,2,2024-12,1968.0,57,0.7,D判定_ベンチ
eq_0615_ベンチ_02,72,秋田星公園,ベンチ,c,279123,3,2025-07,1968.0,57,0.5,C判定_ベンチ
eq_0616_踏み板式ブランコ,73,島根運動公園,踏み板式ブランコ,d,1115302,2,2024-10,1971.0,54,0.7,D判定_踏み板式ブランコ
eq_0617_ベンチ_01,73,島根運動公園,ベンチ,d,347140,2,2025-04,1971.0,54,0.7,D判定_ベンチ
eq_0618_ベンチ_02,73,島根運動公園,ベンチ,c,296403,3,2025-03,1971.0,54,0.5,C判定_ベンチ
eq_0619_ベンチ_03,73,島根運動公園,ベンチ,d,596204,2,2024-11,1971.0,54,0.7,D判定_ベンチ
eq_0620_踏み板式ブランコ,74,福岡風公園,踏み板式ブランコ,d,1335730,2,2025-05,1982.0,43,0.7,D判定_踏み板式ブランコ
eq_0621_スベリ台,74,福岡風公園,スベリ台,d,1478401,2,2025-03,1982.0,43,0.7,D判定_スベリ台
eq_0622_Athletic遊具,74,福岡風公園,ﾌｨｰﾙﾄﾞｱｽﾚﾁｯｸ遊具,c,803800,3,2025-01,1982.0,43,0.5,C判定_ﾌｨｰﾙﾄﾞｱｽﾚﾁｯｸ遊具
eq_0623_スプリング遊具,74,福岡風公園,スプリング遊具,d,632743,2,2024-12,1982.0,43,0.7,D判定_スプリング遊具
eq_0624_ベンチ_01,74,福岡風公園,ベンチ,c,121094,3,2025-02,1982.0,43,0.5,C判定_ベンチ
eq_0625_ベンチ_02,74,福岡風公園,ベンチ,d,348418,2,2025-06,1982.0,43,0.7,D判定_ベンチ
eq_0626_ベンチ_03,74,福岡風公園,ベンチ,b,102816,4,2025-06,1982.0,43,0.3,B判定_ベンチ
eq_0627_ベンチ_04,74,福岡風公園,ベンチ,b,41278,4,2024-08,1982.0,43,0.3,B判定_ベンチ
eq_0628_ベンチ_05,74,福岡風公園,ベンチ,b,78213,4,2024-09,1982.0,43,0.3,B判定_ベンチ
eq_0629_ベンチ_06,74,福岡風公園,ベンチ,c,97331,3,2025-05,1982.0,43,0.5,C判定_ベンチ
eq_0630_ベンチ_07,74,福岡風公園,ベンチ,b,67844,4,2025-06,1982.0,43,0.3,B判定_ベンチ
eq_0631_ベンチ_08,74,福岡風公園,ベンチ,b,101293,4,2024-12,1982.0,43,0.3,B判定_ベンチ
eq_0632_ベンチ_09,74,福岡風公園,ベンチ,c,241583,3,2024-12,1982.0,43,0.5,C判定_ベンチ
eq_0633_ベンチ_10,74,福岡風公園,ベンチ,c,96865,3,2025-07,1982.0,43,0.5,C判定_ベンチ
eq_0634_踏み板式ブランコ,75,岩手駅前プラザ,踏み板式ブランコ,c,945822,3,2025-06,1956.0,69,0.5,C判定_踏み板式ブランコ
eq_0635_ベンチ_01,75,岩手駅前プラザ,ベンチ,e,864414,1,2024-08,1956.0,69,0.9,E判定_ベンチ
eq_0636_ベンチ_02,75,岩手駅前プラザ,ベンチ,d,449083,2,2025-04,1956.0,69,0.7,D判定_ベンチ
eq_0637_ベンチ_03,75,岩手駅前プラザ,ベンチ,e,571238,1,2025-01,1956.0,69,0.9,E判定_ベンチ
eq_0638_踏み板式ブランコ,76,広島新パーク,踏み板式ブランコ,d,1345164,2,2024-11,1971.0,54,0.7,D判定_踏み板式ブランコ
eq_0639_スベリ台,76,広島新パーク,スベリ台,d,1924845,2,2024-09,1971.0,54,0.7,D判定_スベリ台
eq_0640_スプリング遊具,76,広島新パーク,スプリング遊具,d,586753,2,2024-12,1971.0,54,0.7,D判定_スプリング遊具
eq_0641_ベンチ_01,76,広島新パーク,ベンチ,e,608447,1,2024-08,1971.0,54,0.9,E判定_ベンチ
eq_0642_ベンチ_02,76,広島新パーク,ベンチ,d,585288,2,2025-01,1971.0,54,0.7,D判定_ベンチ
eq_0643_ベンチ_03,76,広島新パーク,ベンチ,d,517519,2,2024-09,1971.0,54,0.7,D判定_ベンチ
eq_0644_ベンチ_04,76,広島新パーク,ベンチ,d,379517,2,2025-01,1971.0,54,0.7,D判定_ベンチ
eq_0645_ベンチ_05,76,広島新パーク,ベンチ,c,271584,3,2024-09,1971.0,54,0.5,C判定_ベンチ
eq_0646_ベンチ_06,76,広島新パーク,ベンチ,c,191170,3,2025-06,1971.0,54,0.5,C判定_ベンチ
eq_0647_ベンチ_07,76,広島新パーク,ベンチ,d,362949,2,2025-06,1971.0,54,0.7,D判定_ベンチ
eq_0648_ベンチ_08,76,広島新パーク,ベンチ,c,284358,3,2025-07,1971.0,54,0.5,C判定_ベンチ
eq_0649_ベンチ_09,76,広島新パーク,ベンチ,d,442925,2,2025-05,1971.0,54,0.7,D判定_ベンチ
eq_0650_ベンチ_10,76,広島新パーク,ベンチ,d,356928,2,2024-09,1971.0,54,0.7,D判定_ベンチ
eq_0651_ベンチ_11,76,広島新パーク,ベンチ,e,456899,1,2025-05,1971.0,54,0.9,E判定_ベンチ
eq_0652_ベンチ_12,76,広島新パーク,ベンチ,c,174663,3,2024-12,1971.0,54,0.5,C判定_ベンチ
eq_0653_ベンチ_13,76,広島新パーク,ベンチ,e,726854,1,2025-03,1971.0,54,0.9,E判定_ベンチ
eq_0654_スベリ台,77,新潟下パーク,スベリ台,d,1508728,2,2024-09,1981.0,44,0.7,D判定_スベリ台
eq_0655_踏み板式ブランコ,78,高知歴史パーク,踏み板式ブランコ,b,171933,4,2024-10,1984.0,41,0.3,B判定_踏み板式ブランコ
eq_0656_スベリ台,78,高知歴史パーク,スベリ台,d,2018377,2,2025-07,1984.0,41,0.7,D判定_スベリ台
eq_0657_Athletic遊具,78,高知歴史パーク,ﾌｨｰﾙﾄﾞｱｽﾚﾁｯｸ遊具,d,1945013,2,2025-07,1984.0,41,0.7,D判定_ﾌｨｰﾙﾄﾞｱｽﾚﾁｯｸ遊具
eq_0658_ベンチ_01,78,高知歴史パーク,ベンチ,d,449631,2,2024-09,1984.0,41,0.7,D判定_ベンチ
eq_0659_ベンチ_02,78,高知歴史パーク,ベンチ,c,264494,3,2025-02,1984.0,41,0.5,C判定_ベンチ
eq_0660_ベンチ_03,78,高知歴史パーク,ベンチ,c,236783,3,2024-12,1984.0,41,0.5,C判定_ベンチ
eq_0661_ベンチ_04,78,高知歴史パーク,ベンチ,c,104925,3,2025-05,1984.0,41,0.5,C判定_ベンチ
eq_0662_ベンチ_05,78,高知歴史パーク,ベンチ,c,233333,3,2024-08,1984.0,41,0.5,C判定_ベンチ
eq_0663_ベンチ_06,78,高知歴史パーク,ベンチ,c,91996,3,2025-03,1984.0,41,0.5,C判定_ベンチ
eq_0664_ベンチ_07,78,高知歴史パーク,ベンチ,c,142942,3,2024-07,1984.0,41,0.5,C判定_ベンチ
eq_0665_ベンチ_08,78,高知歴史パーク,ベンチ,d,471875,2,2025-07,1984.0,41,0.7,D判定_ベンチ
eq_0666_ベンチ_09,78,高知歴史パーク,ベンチ,c,141360,3,2024-12,1984.0,41,0.5,C判定_ベンチ
eq_0667_ベンチ_10,78,高知歴史パーク,ベンチ,b,116238,4,2024-09,1984.0,41,0.3,B判定_ベンチ
eq_0668_ベンチ_11,78,高知歴史パーク,ベンチ,b,127422,4,2024-08,1984.0,41,0.3,B判定_ベンチ
eq_0669_ベンチ_12,78,高知歴史パーク,ベンチ,c,216463,3,2025-01,1984.0,41,0.5,C判定_ベンチ
eq_0670_ベンチ_13,78,高知歴史パーク,ベンチ,d,578254,2,2025-05,1984.0,41,0.7,D判定_ベンチ
eq_0671_踏み板式ブランコ,79,北海道朝日プラザ,踏み板式ブランコ,b,360150,4,2024-08,1987.0,38,0.3,B判定_踏み板式ブランコ
eq_0672_スベリ台,79,北海道朝日プラザ,スベリ台,c,686757,3,2024-08,1987.0,38,0.5,C判定_スベリ台
eq_0673_ベンチ_01,79,北海道朝日プラザ,ベンチ,b,65485,4,2024-10,1987.0,38,0.3,B判定_ベンチ
eq_0674_踏み板式ブランコ,80,和歌山朝日広場,踏み板式ブランコ,d,1040434,2,2025-05,1975.0,50,0.7,D判定_踏み板式ブランコ
eq_0675_スプリング遊具,80,和歌山朝日広場,スプリング遊具,e,1493449,1,2024-09,1975.0,50,0.9,E判定_スプリング遊具
eq_0676_ベンチ_01,80,和歌山朝日広場,ベンチ,d,589617,2,2025-01,1975.0,50,0.7,D判定_ベンチ
eq_0677_ベンチ_02,80,和歌山朝日広場,ベンチ,d,354886,2,2025-07,1975.0,50,0.7,D判定_ベンチ
eq_0678_ベンチ_03,80,和歌山朝日広場,ベンチ,d,274941,2,2024-12,1975.0,50,0.7,D判定_ベンチ
eq_0679_踏み板式ブランコ,81,岐阜新ガーデン,踏み板式ブランコ,b,353925,4,2024-10,1993.0,32,0.3,B判定_踏み板式ブランコ
eq_0680_Athletic遊具,81,岐阜新ガーデン,ﾌｨｰﾙﾄﾞｱｽﾚﾁｯｸ遊具,c,665839,3,2025-04,1993.0,32,0.5,C判定_ﾌｨｰﾙﾄﾞｱｽﾚﾁｯｸ遊具
eq_0681_スプリング遊具,81,岐阜新ガーデン,スプリング遊具,c,395334,3,2024-08,1993.0,32,0.5,C判定_スプリング遊具
eq_0682_ベンチ_01,81,岐阜新ガーデン,ベンチ,c,238071,3,2025-01,1993.0,32,0.5,C判定_ベンチ
eq_0683_ベンチ_02,81,岐阜新ガーデン,ベンチ,c,131245,3,2024-12,1993.0,32,0.5,C判定_ベンチ
eq_0684_ベンチ_03,81,岐阜新ガーデン,ベンチ,c,228963,3,2025-05,1993.0,32,0.5,C判定_ベンチ
eq_0685_ベンチ_04,81,岐阜新ガーデン,ベンチ,c,143705,3,2025-04,1993.0,32,0.5,C判定_ベンチ
eq_0686_ベンチ_05,81,岐阜新ガーデン,ベンチ,c,199199,3,2025-03,1993.0,32,0.5,C判定_ベンチ
eq_0687_ベンチ_06,81,岐阜新ガーデン,ベンチ,b,132108,4,2025-04,1993.0,32,0.3,B判定_ベンチ
eq_0688_ベンチ_07,81,岐阜新ガーデン,ベンチ,b,64954,4,2024-11,1993.0,32,0.3,B判定_ベンチ
eq_0689_ベンチ_08,81,岐阜新ガーデン,ベンチ,c,219982,3,2024-09,1993.0,32,0.5,C判定_ベンチ
eq_0690_踏み板式ブランコ,82,兵庫平和広場,踏み板式ブランコ,a,101065,5,2025-01,2014.0,11,0.1,A判定_踏み板式ブランコ
eq_0691_スベリ台,82,兵庫平和広場,スベリ台,a,139305,5,2024-09,2014.0,11,0.1,A判定_スベリ台
eq_0692_Athletic遊具,82,兵庫平和広場,ﾌｨｰﾙﾄﾞｱｽﾚﾁｯｸ遊具,b,823563,4,2025-05,2014.0,11,0.3,B判定_ﾌｨｰﾙﾄﾞｱｽﾚﾁｯｸ遊具
eq_0693_スプリング遊具,82,兵庫平和広場,スプリング遊具,a,63511,5,2025-06,2014.0,11,0.1,A判定_スプリング遊具
eq_0694_ベンチ_01,82,兵庫平和広場,ベンチ,b,52048,4,2025-02,2014.0,11,0.3,B判定_ベンチ
eq_0695_ベンチ_02,82,兵庫平和広場,ベンチ,a,39981,5,2024-10,2014.0,11,0.1,A判定_ベンチ
eq_0696_ベンチ_03,82,兵庫平和広場,ベンチ,a,44829,5,2024-09,2014.0,11,0.1,A判定_ベンチ
eq_0697_ベンチ_04,82,兵庫平和広場,ベンチ,a,29088,5,2025-04,2014.0,11,0.1,A判定_ベンチ
eq_0698_ベンチ_05,82,兵庫平和広場,ベンチ,a,21977,5,2025-05,2014.0,11,0.1,A判定_ベンチ
eq_0699_ベンチ_06,82,兵庫平和広場,ベンチ,a,23334,5,2025-06,2014.0,11,0.1,A判定_ベンチ
eq_0700_ベンチ_07,82,兵庫平和広場,ベンチ,b,33940,4,2025-07,2014.0,11,0.3,B判定_ベンチ
eq_0701_ベンチ_08,82,兵庫平和広場,ベンチ,a,44792,5,2025-04,2014.0,11,0.1,A判定_ベンチ
eq_0702_ベンチ_09,82,兵庫平和広場,ベンチ,a,53541,5,2024-09,2014.0,11,0.1,A判定_ベンチ
eq_0703_ベンチ_10,82,兵庫平和広場,ベンチ,b,39345,4,2024-09,2014.0,11,0.3,B判定_ベンチ
eq_0704_ベンチ_11,82,兵庫平和広場,ベンチ,b,112380,4,2024-11,2014.0,11,0.3,B判定_ベンチ
eq_0705_ベンチ_12,82,兵庫平和広場,ベンチ,a,28417,5,2025-03,2014.0,11,0.1,A判定_ベンチ
eq_0706_ベンチ_13,82,兵庫平和広場,ベンチ,a,15765,5,2025-04,2014.0,11,0.1,A判定_ベンチ
eq_0707_ベンチ_14,82,兵庫平和広場,ベンチ,b,141427,4,2024-09,2014.0,11,0.3,B判定_ベンチ
eq_0708_ベンチ_15,82,兵庫平和広場,ベンチ,a,16734,5,2024-11,2014.0,11,0.1,A判定_ベンチ
eq_0709_Athletic遊具,83,大分東遊園,ﾌｨｰﾙﾄﾞｱｽﾚﾁｯｸ遊具,b,344881,4,2024-11,2007.0,18,0.3,B判定_ﾌｨｰﾙﾄﾞｱｽﾚﾁｯｸ遊具
eq_0710_踏み板式ブランコ,84,兵庫文化遊園,踏み板式ブランコ,c,356997,3,2025-06,1991.0,34,0.5,C判定_踏み板式ブランコ
eq_0711_ベンチ_01,84,兵庫文化遊園,ベンチ,b,87576,4,2025-06,1991.0,34,0.3,B判定_ベンチ
eq_0712_踏み板式ブランコ,85,徳島小プラザ,踏み板式ブランコ,c,386011,3,2025-04,1984.0,41,0.5,C判定_踏み板式ブランコ
eq_0713_スベリ台,85,徳島小プラザ,スベリ台,c,987190,3,2024-08,1984.0,41,0.5,C判定_スベリ台
eq_0714_踏み板式ブランコ,86,愛媛希望緑地,踏み板式ブランコ,a,129821,5,2025-05,2017.0,8,0.1,A判定_踏み板式ブランコ
eq_0715_スベリ台,86,愛媛希望緑地,スベリ台,a,235725,5,2024-11,2017.0,8,0.1,A判定_スベリ台
eq_0716_Athletic遊具,86,愛媛希望緑地,ﾌｨｰﾙﾄﾞｱｽﾚﾁｯｸ遊具,a,239763,5,2024-11,2017.0,8,0.1,A判定_ﾌｨｰﾙﾄﾞｱｽﾚﾁｯｸ遊具
eq_0717_スプリング遊具,86,愛媛希望緑地,スプリング遊具,a,86928,5,2025-01,2017.0,8,0.1,A判定_スプリング遊具
eq_0718_ベンチ_01,86,愛媛希望緑地,ベンチ,a,43552,5,2024-11,2017.0,8,0.1,A判定_ベンチ
eq_0719_ベンチ_02,86,愛媛希望緑地,ベンチ,a,39927,5,2024-10,2017.0,8,0.1,A判定_ベンチ
eq_0720_ベンチ_03,86,愛媛希望緑地,ベンチ,a,26080,5,2025-01,2017.0,8,0.1,A判定_ベンチ
eq_0721_ベンチ_04,86,愛媛希望緑地,ベンチ,a,34281,5,2025-05,2017.0,8,0.1,A判定_ベンチ
eq_0722_ベンチ_05,86,愛媛希望緑地,ベンチ,a,45028,5,2025-03,2017.0,8,0.1,A判定_ベンチ
eq_0723_ベンチ_06,86,愛媛希望緑地,ベンチ,a,26811,5,2024-12,2017.0,8,0.1,A判定_ベンチ
eq_0724_ベンチ_07,86,愛媛希望緑地,ベンチ,a,34861,5,2025-04,2017.0,8,0.1,A判定_ベンチ
eq_0725_ベンチ_08,86,愛媛希望緑地,ベンチ,a,48096,5,2024-11,2017.0,8,0.1,A判定_ベンチ
eq_0726_ベンチ_09,86,愛媛希望緑地,ベンチ,a,42587,5,2024-08,2017.0,8,0.1,A判定_ベンチ
eq_0727_ベンチ_10,86,愛媛希望緑地,ベンチ,a,49975,5,2025-01,2017.0,8,0.1,A判定_ベンチ
eq_0728_ベンチ_11,86,愛媛希望緑地,ベンチ,a,51902,5,2024-12,2017.0,8,0.1,A判定_ベンチ
eq_0729_ベンチ_12,86,愛媛希望緑地,ベンチ,a,39837,5,2024-11,2017.0,8,0.1,A判定_ベンチ
eq_0730_ベンチ_13,86,愛媛希望緑地,ベンチ,a,37313,5,2025-03,2017.0,8,0.1,A判定_ベンチ
eq_0731_踏み板式ブランコ,87,高知星パーク,踏み板式ブランコ,a,100542,5,2025-04,2012.0,13,0.1,A判定_踏み板式ブランコ
eq_0732_スベリ台,87,高知星パーク,スベリ台,a,235561,5,2025-03,2012.0,13,0.1,A判定_スベリ台
eq_0733_Athletic遊具,87,高知星パーク,ﾌｨｰﾙﾄﾞｱｽﾚﾁｯｸ遊具,a,258152,5,2025-02,2012.0,13,0.1,A判定_ﾌｨｰﾙﾄﾞｱｽﾚﾁｯｸ遊具
eq_0734_スプリング遊具,87,高知星パーク,スプリング遊具,a,114534,5,2024-11,2012.0,13,0.1,A判定_スプリング遊具
eq_0735_ベンチ_01,87,高知星パーク,ベンチ,a,57493,5,2025-05,2012.0,13,0.1,A判定_ベンチ
eq_0736_ベンチ_02,87,高知星パーク,ベンチ,a,24089,5,2025-02,2012.0,13,0.1,A判定_ベンチ
eq_0737_ベンチ_03,87,高知星パーク,ベンチ,a,57223,5,2025-04,2012.0,13,0.1,A判定_ベンチ
eq_0738_ベンチ_04,87,高知星パーク,ベンチ,b,42440,4,2024-12,2012.0,13,0.3,B判定_ベンチ
eq_0739_ベンチ_05,87,高知星パーク,ベンチ,a,46380,5,2024-09,2012.0,13,0.1,A判定_ベンチ
eq_0740_ベンチ_06,87,高知星パーク,ベンチ,a,40917,5,2025-03,2012.0,13,0.1,A判定_ベンチ
eq_0741_踏み板式ブランコ,88,長野文化遊園,踏み板式ブランコ,b,438923,4,2025-02,2007.0,18,0.3,B判定_踏み板式ブランコ
eq_0742_スベリ台,88,長野文化遊園,スベリ台,a,166525,5,2025-01,2007.0,18,0.1,A判定_スベリ台
eq_0743_Athletic遊具,88,長野文化遊園,ﾌｨｰﾙﾄﾞｱｽﾚﾁｯｸ遊具,b,278582,4,2025-05,2007.0,18,0.3,B判定_ﾌｨｰﾙﾄﾞｱｽﾚﾁｯｸ遊具
eq_0744_スプリング遊具,88,長野文化遊園,スプリング遊具,a,31697,5,2025-01,2007.0,18,0.1,A判定_スプリング遊具
eq_0745_ベンチ_01,88,長野文化遊園,ベンチ,b,37722,4,2025-04,2007.0,18,0.3,B判定_ベンチ
eq_0746_ベンチ_02,88,長野文化遊園,ベンチ,b,116440,4,2025-03,2007.0,18,0.3,B判定_ベンチ
eq_0747_ベンチ_03,88,長野文化遊園,ベンチ,b,42592,4,2025-06,2007.0,18,0.3,B判定_ベンチ
eq_0748_踏み板式ブランコ,89,山梨竹広場,踏み板式ブランコ,c,585368,3,2024-08,1980.0,45,0.5,C判定_踏み板式ブランコ
eq_0749_スベリ台,89,山梨竹広場,スベリ台,c,1045761,3,2024-12,1980.0,45,0.5,C判定_スベリ台
eq_0750_Athletic遊具,89,山梨竹広場,ﾌｨｰﾙﾄﾞｱｽﾚﾁｯｸ遊具,e,4139188,1,2024-12,1980.0,45,0.9,E判定_ﾌｨｰﾙﾄﾞｱｽﾚﾁｯｸ遊具
eq_0751_スプリング遊具,89,山梨竹広場,スプリング遊具,d,1189861,2,2024-10,1980.0,45,0.7,D判定_スプリング遊具
eq_0752_ベンチ_01,89,山梨竹広場,ベンチ,d,391010,2,2025-01,1980.0,45,0.7,D判定_ベンチ
eq_0753_ベンチ_02,89,山梨竹広場,ベンチ,d,428149,2,2025-05,1980.0,45,0.7,D判定_ベンチ
eq_0754_ベンチ_03,89,山梨竹広場,ベンチ,d,242198,2,2025-04,1980.0,45,0.7,D判定_ベンチ
eq_0755_ベンチ_04,89,山梨竹広場,ベンチ,d,315797,2,2024-10,1980.0,45,0.7,D判定_ベンチ
eq_0756_ベンチ_05,89,山梨竹広場,ベンチ,e,559641,1,2025-02,1980.0,45,0.9,E判定_ベンチ
eq_0757_ベンチ_06,89,山梨竹広場,ベンチ,d,557106,2,2025-05,1980.0,45,0.7,D判定_ベンチ
eq_0758_スベリ台,90,石川新広場,スベリ台,c,1129954,3,2025-03,1978.0,47,0.5,C判定_スベリ台
eq_0759_スプリング遊具,90,石川新広場,スプリング遊具,d,1107970,2,2025-07,1978.0,47,0.7,D判定_スプリング遊具
eq_0760_ベンチ_01,90,石川新広場,ベンチ,e,502672,1,2025-05,1978.0,47,0.9,E判定_ベンチ
eq_0761_ベンチ_02,90,石川新広場,ベンチ,e,850848,1,2024-11,1978.0,47,0.9,E判定_ベンチ
eq_0762_ベンチ_03,90,石川新広場,ベンチ,d,422457,2,2025-05,1978.0,47,0.7,D判定_ベンチ
eq_0763_ベンチ_04,90,石川新広場,ベンチ,d,469764,2,2024-12,1978.0,47,0.7,D判定_ベンチ
eq_0764_スベリ台,91,福井若葉パーク,スベリ台,c,958585,3,2024-11,2005.0,20,0.5,C判定_スベリ台
eq_0765_スプリング遊具,91,福井若葉パーク,スプリング遊具,b,243254,4,2025-05,2005.0,20,0.3,B判定_スプリング遊具
eq_0766_踏み板式ブランコ,92,兵庫竹公園,踏み板式ブランコ,c,894064,3,2024-11,1992.0,33,0.5,C判定_踏み板式ブランコ
eq_0767_Athletic遊具,92,兵庫竹公園,ﾌｨｰﾙﾄﾞｱｽﾚﾁｯｸ遊具,c,1021086,3,2025-01,1992.0,33,0.5,C判定_ﾌｨｰﾙﾄﾞｱｽﾚﾁｯｸ遊具
eq_0768_スプリング遊具,92,兵庫竹公園,スプリング遊具,c,544218,3,2025-03,1992.0,33,0.5,C判定_スプリング遊具
eq_0769_ベンチ_01,92,兵庫竹公園,ベンチ,c,292102,3,2024-09,1992.0,33,0.5,C判定_ベンチ
eq_0770_ベンチ_02,92,兵庫竹公園,ベンチ,c,282054,3,2024-08,1992.0,33,0.5,C判定_ベンチ
eq_0771_ベンチ_03,92,兵庫竹公園,ベンチ,d,277919,2,2025-01,1992.0,33,0.7,D判定_ベンチ
eq_0772_ベンチ_04,92,兵庫竹公園,ベンチ,c,169807,3,2025-06,1992.0,33,0.5,C判定_ベンチ
eq_0773_ベンチ_05,92,兵庫竹公園,ベンチ,c,193710,3,2024-08,1992.0,33,0.5,C判定_ベンチ
eq_0774_ベンチ_06,92,兵庫竹公園,ベンチ,c,191248,3,2024-08,1992.0,33,0.5,C判定_ベンチ
eq_0775_ベンチ_07,92,兵庫竹公園,ベンチ,b,109730,4,2024-07,1992.0,33,0.3,B判定_ベンチ
eq_0776_ベンチ_08,92,兵庫竹公園,ベンチ,b,59305,4,2025-04,1992.0,33,0.3,B判定_ベンチ
eq_0777_ベンチ_09,92,兵庫竹公園,ベンチ,b,94818,4,2024-11,1992.0,33,0.3,B判定_ベンチ
eq_0778_ベンチ_10,92,兵庫竹公園,ベンチ,b,135975,4,2025-06,1992.0,33,0.3,B判定_ベンチ
eq_0779_ベンチ_11,92,兵庫竹公園,ベンチ,b,133685,4,2025-07,1992.0,33,0.3,B判定_ベンチ
eq_0780_スベリ台,93,島根駅前緑地,スベリ台,b,299300,4,2024-08,1998.0,27,0.3,B判定_スベリ台
eq_0781_ベンチ_01,93,島根駅前緑地,ベンチ,c,120520,3,2025-04,1998.0,27,0.5,C判定_ベンチ
eq_0782_ベンチ_02,93,島根駅前緑地,ベンチ,c,211482,3,2025-04,1998.0,27,0.5,C判定_ベンチ
eq_0783_ベンチ_03,93,島根駅前緑地,ベンチ,b,32250,4,2025-05,1998.0,27,0.3,B判定_ベンチ
eq_0784_スベリ台,94,大分光プラザ,スベリ台,c,1073623,3,2025-07,1955.0,70,0.5,C判定_スベリ台
eq_0785_スプリング遊具,94,大分光プラザ,スプリング遊具,e,1320613,1,2025-06,1955.0,70,0.9,E判定_スプリング遊具
eq_0786_ベンチ_01,94,大分光プラザ,ベンチ,d,379662,2,2025-02,1955.0,70,0.7,D判定_ベンチ
eq_0787_踏み板式ブランコ,95,北海道若葉パーク,踏み板式ブランコ,c,326498,3,2024-08,1990.0,35,0.5,C判定_踏み板式ブランコ
eq_0788_スベリ台,95,北海道若葉パーク,スベリ台,b,178576,4,2025-04,1990.0,35,0.3,B判定_スベリ台
eq_0789_Athletic遊具,95,北海道若葉パーク,ﾌｨｰﾙﾄﾞｱｽﾚﾁｯｸ遊具,d,2636695,2,2025-05,1990.0,35,0.7,D判定_ﾌｨｰﾙﾄﾞｱｽﾚﾁｯｸ遊具
eq_0790_スプリング遊具,95,北海道若葉パーク,スプリング遊具,c,597269,3,2024-09,1990.0,35,0.5,C判定_スプリング遊具
eq_0791_ベンチ_01,95,北海道若葉パーク,ベンチ,c,120061,3,2025-06,1990.0,35,0.5,C判定_ベンチ
eq_0792_ベンチ_02,95,北海道若葉パーク,ベンチ,d,367338,2,2024-09,1990.0,35,0.7,D判定_ベンチ
eq_0793_ベンチ_03,95,北海道若葉パーク,ベンチ,b,50410,4,2024-10,1990.0,35,0.3,B判定_ベンチ
eq_0794_ベンチ_04,95,北海道若葉パーク,ベンチ,b,110988,4,2024-10,1990.0,35,0.3,B判定_ベンチ
eq_0795_ベンチ_05,95,北海道若葉パーク,ベンチ,c,121786,3,2024-10,1990.0,35,0.5,C判定_ベンチ
eq_0796_ベンチ_06,95,北海道若葉パーク,ベンチ,c,181593,3,2025-03,1990.0,35,0.5,C判定_ベンチ
eq_0797_ベンチ_07,95,北海道若葉パーク,ベンチ,c,241400,3,2025-03,1990.0,35,0.5,C判定_ベンチ
eq_0798_ベンチ_08,95,北海道若葉パーク,ベンチ,d,544931,2,2024-12,1990.0,35,0.7,D判定_ベンチ
eq_0799_ベンチ_09,95,北海道若葉パーク,ベンチ,b,97789,4,2024-11,1990.0,35,0.3,B判定_ベンチ
eq_0800_踏み板式ブランコ,96,宮城光公園,踏み板式ブランコ,b,255930,4,2024-11,1999.0,26,0.3,B判定_踏み板式ブランコ
eq_0801_Athletic遊具,96,宮城光公園,ﾌｨｰﾙﾄﾞｱｽﾚﾁｯｸ遊具,a,143571,5,2025-04,1999.0,26,0.1,A判定_ﾌｨｰﾙﾄﾞｱｽﾚﾁｯｸ遊具
eq_0802_スプリング遊具,96,宮城光公園,スプリング遊具,a,100774,5,2025-01,1999.0,26,0.1,A判定_スプリング遊具
eq_0803_ベンチ_01,96,宮城光公園,ベンチ,b,136163,4,2025-05,1999.0,26,0.3,B判定_ベンチ
eq_0804_ベンチ_02,96,宮城光公園,ベンチ,a,33364,5,2024-08,1999.0,26,0.1,A判定_ベンチ
eq_0805_ベンチ_03,96,宮城光公園,ベンチ,a,56796,5,2024-12,1999.0,26,0.1,A判定_ベンチ
eq_0806_ベンチ_04,96,宮城光公園,ベンチ,a,45308,5,2024-10,1999.0,26,0.1,A判定_ベンチ
eq_0807_ベンチ_05,96,宮城光公園,ベンチ,b,63310,4,2025-01,1999.0,26,0.3,B判定_ベンチ
eq_0808_スプリング遊具,97,沖縄大公園,スプリング遊具,c,558235,3,2025-05,1985.0,40,0.5,C判定_スプリング遊具
eq_0809_ベンチ_01,97,沖縄大公園,ベンチ,d,309513,2,2025-05,1985.0,40,0.7,D判定_ベンチ
eq_0810_ベンチ_02,97,沖縄大公園,ベンチ,c,150734,3,2025-01,1985.0,40,0.5,C判定_ベンチ
eq_0811_スベリ台,98,千葉朝日緑地,スベリ台,e,2556034,1,2025-05,1977.0,48,0.9,E判定_スベリ台
eq_0812_Athletic遊具,98,千葉朝日緑地,ﾌｨｰﾙﾄﾞｱｽﾚﾁｯｸ遊具,d,2988442,2,2025-06,1977.0,48,0.7,D判定_ﾌｨｰﾙﾄﾞｱｽﾚﾁｯｸ遊具
eq_0813_ベンチ_01,98,千葉朝日緑地,ベンチ,e,731286,1,2025-05,1977.0,48,0.9,E判定_ベンチ
eq_0814_ベンチ_02,98,千葉朝日緑地,ベンチ,d,324746,2,2025-07,1977.0,48,0.7,D判定_ベンチ
eq_0815_ベンチ_03,98,千葉朝日緑地,ベンチ,c,132922,3,2025-06,1977.0,48,0.5,C判定_ベンチ
eq_0816_ベンチ_04,98,千葉朝日緑地,ベンチ,d,257378,2,2025-05,1977.0,48,0.7,D判定_ベンチ
eq_0817_ベンチ_05,98,千葉朝日緑地,ベンチ,c,173745,3,2025-03,1977.0,48,0.5,C判定_ベンチ
eq_0818_ベンチ_06,98,千葉朝日緑地,ベンチ,d,495136,2,2025-02,1977.0,48,0.7,D判定_ベンチ
eq_0819_ベンチ_07,98,千葉朝日緑地,ベンチ,c,275663,3,2025-04,1977.0,48,0.5,C判定_ベンチ
eq_0820_ベンチ_08,98,千葉朝日緑地,ベンチ,d,335253,2,2025-01,1977.0,48,0.7,D判定_ベンチ
eq_0821_踏み板式ブランコ,99,山口桜ガーデン,踏み板式ブランコ,c,769065,3,2024-08,1991.0,34,0.5,C判定_踏み板式ブランコ
eq_0822_スベリ台,99,山口桜ガーデン,スベリ台,c,1148769,3,2025-06,1991.0,34,0.5,C判定_スベリ台
eq_0823_Athletic遊具,99,山口桜ガーデン,ﾌｨｰﾙﾄﾞｱｽﾚﾁｯｸ遊具,b,525828,4,2024-12,1991.0,34,0.3,B判定_ﾌｨｰﾙﾄﾞｱｽﾚﾁｯｸ遊具
eq_0824_スプリング遊具,99,山口桜ガーデン,スプリング遊具,d,872991,2,2025-02,1991.0,34,0.7,D判定_スプリング遊具
eq_0825_ベンチ_01,99,山口桜ガーデン,ベンチ,d,583490,2,2024-08,1991.0,34,0.7,D判定_ベンチ
eq_0826_ベンチ_02,99,山口桜ガーデン,ベンチ,c,152891,3,2024-12,1991.0,34,0.5,C判定_ベンチ
eq_0827_ベンチ_03,99,山口桜ガーデン,ベンチ,c,136644,3,2025-07,1991.0,34,0.5,C判定_ベンチ
eq_0828_ベンチ_04,99,山口桜ガーデン,ベンチ,d,314375,2,2024-10,1991.0,34,0.7,D判定_ベンチ
eq_0829_ベンチ_05,99,山口桜ガーデン,ベンチ,c,278868,3,2024-08,1991.0,34,0.5,C判定_ベンチ
eq_0830_ベンチ_06,99,山口桜ガーデン,ベンチ,b,135681,4,2025-06,1991.0,34,0.3,B判定_ベンチ
eq_0831_ベンチ_07,99,山口桜ガーデン,ベンチ,d,251357,2,2024-10,1991.0,34,0.7,D判定_ベンチ
eq_0832_ベンチ_08,99,山口桜ガーデン,ベンチ,c,287459,3,2025-05,1991.0,34,0.5,C判定_ベンチ
eq_0833_ベンチ_09,99,山口桜ガーデン,ベンチ,d,289356,2,2025-01,1991.0,34,0.7,D判定_ベンチ
eq_0834_ベンチ_10,99,山口桜ガーデン,ベンチ,c,230827,3,2025-03,1991.0,34,0.5,C判定_ベンチ
eq_0835_ベンチ_11,99,山口桜ガーデン,ベンチ,b,85541,4,2025-06,1991.0,34,0.3,B判定_ベンチ
eq_0836_ベンチ_12,99,山口桜ガーデン,ベンチ,c,252541,3,2025-01,1991.0,34,0.5,C判定_ベンチ
eq_0837_ベンチ_13,99,山口桜ガーデン,ベンチ,b,68639,4,2024-12,1991.0,34,0.3,B判定_ベンチ
eq_0838_ベンチ_14,99,山口桜ガーデン,ベンチ,c,263232,3,2025-04,1991.0,34,0.5,C判定_ベンチ
eq_0839_ベンチ_15,99,山口桜ガーデン,ベンチ,c,184773,3,2024-08,1991.0,34,0.5,C判定_ベンチ
eq_0840_ベンチ_16,99,山口桜ガーデン,ベンチ,c,192440,3,2025-07,1991.0,34,0.5,C判定_ベンチ
eq_0841_ベンチ_17,99,山口桜ガーデン,ベンチ,b,105765,4,2024-09,1991.0,34,0.3,B判定_ベンチ
eq_0842_ベンチ_18,99,山口桜ガーデン,ベンチ,b,134701,4,2025-03,1991.0,34,0.3,B判定_ベンチ
eq_0843_ベンチ_19,99,山口桜ガーデン,ベンチ,c,198948,3,2025-02,1991.0,34,0.5,C判定_ベンチ
eq_0844_ベンチ_20,99,山口桜ガーデン,ベンチ,b,118153,4,2024-08,1991.0,34,0.3,B判定_ベンチ
eq_0845_ベンチ_21,99,山口桜ガーデン,ベンチ,c,212186,3,2025-01,1991.0,34,0.5,C判定_ベンチ
eq_0846_ベンチ_22,99,山口桜ガーデン,ベンチ,b,62160,4,2024-11,1991.0,34,0.3,B判定_ベンチ
eq_0847_ベンチ_23,99,山口桜ガーデン,ベンチ,c,191168,3,2025-07,1991.0,34,0.5,C判定_ベンチ
eq_0848_スベリ台,100,静岡北遊園,スベリ台,c,962854,3,2025-03,1990.0,35,0.5,C判定_スベリ台
eq_0849_スプリング遊具,100,静岡北遊園,スプリング遊具,c,183045,3,2025-05,1990.0,35,0.5,C判定_スプリング遊具
eq_0850_踏み板式ブランコ,101,山口歴史遊園,踏み板式ブランコ,d,805741,2,2025-02,1977.0,48,0.7,D判定_踏み板式ブランコ
eq_0851_スベリ台,101,山口歴史遊園,スベリ台,d,1733038,2,2025-02,1977.0,48,0.7,D判定_スベリ台
eq_0852_Athletic遊具,101,山口歴史遊園,ﾌｨｰﾙﾄﾞｱｽﾚﾁｯｸ遊具,d,2090023,2,2024-12,1977.0,48,0.7,D判定_ﾌｨｰﾙﾄﾞｱｽﾚﾁｯｸ遊具
eq_0853_スプリング遊具,101,山口歴史遊園,スプリング遊具,d,652122,2,2024-10,1977.0,48,0.7,D判定_スプリング遊具
eq_0854_ベンチ_01,101,山口歴史遊園,ベンチ,d,390919,2,2025-05,1977.0,48,0.7,D判定_ベンチ
eq_0855_ベンチ_02,101,山口歴史遊園,ベンチ,d,441734,2,2024-11,1977.0,48,0.7,D判定_ベンチ
eq_0856_ベンチ_03,101,山口歴史遊園,ベンチ,c,145181,3,2024-08,1977.0,48,0.5,C判定_ベンチ
eq_0857_ベンチ_04,101,山口歴史遊園,ベンチ,e,780352,1,2025-06,1977.0,48,0.9,E判定_ベンチ
eq_0858_ベンチ_05,101,山口歴史遊園,ベンチ,c,105917,3,2025-03,1977.0,48,0.5,C判定_ベンチ
eq_0859_ベンチ_06,101,山口歴史遊園,ベンチ,d,418915,2,2025-07,1977.0,48,0.7,D判定_ベンチ
eq_0860_ベンチ_07,101,山口歴史遊園,ベンチ,c,179943,3,2025-01,1977.0,48,0.5,C判定_ベンチ
eq_0861_ベンチ_08,101,山口歴史遊園,ベンチ,c,292820,3,2024-10,1977.0,48,0.5,C判定_ベンチ
eq_0862_ベンチ_09,101,山口歴史遊園,ベンチ,d,372912,2,2024-08,1977.0,48,0.7,D判定_ベンチ
eq_0863_ベンチ_10,101,山口歴史遊園,ベンチ,d,470084,2,2025-02,1977.0,48,0.7,D判定_ベンチ
eq_0864_ベンチ_11,101,山口歴史遊園,ベンチ,d,459684,2,2025-02,1977.0,48,0.7,D判定_ベンチ
eq_0865_ベンチ_12,101,山口歴史遊園,ベンチ,e,799262,1,2025-05,1977.0,48,0.9,E判定_ベンチ
eq_0866_ベンチ_13,101,山口歴史遊園,ベンチ,c,292981,3,2025-04,1977.0,48,0.5,C判定_ベンチ
eq_0867_ベンチ_14,101,山口歴史遊園,ベンチ,c,226475,3,2024-12,1977.0,48,0.5,C判定_ベンチ
eq_0868_ベンチ_15,101,山口歴史遊園,ベンチ,e,680515,1,2025-01,1977.0,48,0.9,E判定_ベンチ
eq_0869_ベンチ_16,101,山口歴史遊園,ベンチ,d,504559,2,2024-09,1977.0,48,0.7,D判定_ベンチ
eq_0870_ベンチ_17,101,山口歴史遊園,ベンチ,d,525942,2,2025-05,1977.0,48,0.7,D判定_ベンチ
eq_0871_ベンチ_18,101,山口歴史遊園,ベンチ,d,332868,2,2024-11,1977.0,48,0.7,D判定_ベンチ
eq_0872_ベンチ_19,101,山口歴史遊園,ベンチ,d,258558,2,2024-10,1977.0,48,0.7,D判定_ベンチ
eq_0873_ベンチ_20,101,山口歴史遊園,ベンチ,d,249129,2,2024-09,1977.0,48,0.7,D判定_ベンチ
eq_0874_ベンチ_21,101,山口歴史遊園,ベンチ,d,469011,2,2025-04,1977.0,48,0.7,D判定_ベンチ
eq_0875_踏み板式ブランコ,102,秋田旧広場,踏み板式ブランコ,c,965228,3,2024-12,1990.0,35,0.5,C判定_踏み板式ブランコ
eq_0876_スベリ台,102,秋田旧広場,スベリ台,d,2375980,2,2024-08,1990.0,35,0.7,D判定_スベリ台
eq_0877_Athletic遊具,102,秋田旧広場,ﾌｨｰﾙﾄﾞｱｽﾚﾁｯｸ遊具,c,1455849,3,2025-03,1990.0,35,0.5,C判定_ﾌｨｰﾙﾄﾞｱｽﾚﾁｯｸ遊具
eq_0878_スプリング遊具,102,秋田旧広場,スプリング遊具,b,215693,4,2025-06,1990.0,35,0.3,B判定_スプリング遊具
eq_0879_ベンチ_01,102,秋田旧広場,ベンチ,b,103846,4,2024-09,1990.0,35,0.3,B判定_ベンチ
eq_0880_ベンチ_02,102,秋田旧広場,ベンチ,c,174113,3,2025-03,1990.0,35,0.5,C判定_ベンチ
eq_0881_ベンチ_03,102,秋田旧広場,ベンチ,c,194062,3,2024-12,1990.0,35,0.5,C判定_ベンチ
eq_0882_ベンチ_04,102,秋田旧広場,ベンチ,b,47944,4,2025-01,1990.0,35,0.3,B判定_ベンチ
eq_0883_ベンチ_05,102,秋田旧広場,ベンチ,b,94312,4,2024-08,1990.0,35,0.3,B判定_ベンチ
eq_0884_ベンチ_06,102,秋田旧広場,ベンチ,c,280208,3,2025-03,1990.0,35,0.5,C判定_ベンチ
eq_0885_ベンチ_07,102,秋田旧広場,ベンチ,c,258803,3,2024-12,1990.0,35,0.5,C判定_ベンチ
eq_0886_ベンチ_08,102,秋田旧広場,ベンチ,b,101603,4,2024-10,1990.0,35,0.3,B判定_ベンチ
eq_0887_踏み板式ブランコ,103,徳島第三ガーデン,踏み板式ブランコ,e,1833976,1,2024-10,1970.0,55,0.9,E判定_踏み板式ブランコ
eq_0888_スベリ台,103,徳島第三ガーデン,スベリ台,d,1824987,2,2025-04,1970.0,55,0.7,D判定_スベリ台
eq_0889_Athletic遊具,103,徳島第三ガーデン,ﾌｨｰﾙﾄﾞｱｽﾚﾁｯｸ遊具,e,3666927,1,2024-10,1970.0,55,0.9,E判定_ﾌｨｰﾙﾄﾞｱｽﾚﾁｯｸ遊具
eq_0890_スプリング遊具,103,徳島第三ガーデン,スプリング遊具,c,521751,3,2024-10,1970.0,55,0.5,C判定_スプリング遊具
eq_0891_ベンチ_01,103,徳島第三ガーデン,ベンチ,d,527733,2,2024-11,1970.0,55,0.7,D判定_ベンチ
eq_0892_ベンチ_02,103,徳島第三ガーデン,ベンチ,c,151397,3,2024-12,1970.0,55,0.5,C判定_ベンチ
eq_0893_ベンチ_03,103,徳島第三ガーデン,ベンチ,e,609931,1,2025-03,1970.0,55,0.9,E判定_ベンチ
eq_0894_ベンチ_04,103,徳島第三ガーデン,ベンチ,e,853438,1,2025-07,1970.0,55,0.9,E判定_ベンチ
eq_0895_ベンチ_05,103,徳島第三ガーデン,ベンチ,d,414511,2,2025-06,1970.0,55,0.7,D判定_ベンチ
eq_0896_ベンチ_06,103,徳島第三ガーデン,ベンチ,d,342362,2,2025-04,1970.0,55,0.7,D判定_ベンチ
eq_0897_ベンチ_07,103,徳島第三ガーデン,ベンチ,e,886078,1,2025-03,1970.0,55,0.9,E判定_ベンチ
eq_0898_ベンチ_08,103,徳島第三ガーデン,ベンチ,c,132920,3,2025-05,1970.0,55,0.5,C判定_ベンチ
eq_0899_ベンチ_09,103,徳島第三ガーデン,ベンチ,d,264681,2,2025-03,1970.0,55,0.7,D判定_ベンチ
eq_0900_ベンチ_10,103,徳島第三ガーデン,ベンチ,e,527507,1,2025-04,1970.0,55,0.9,E判定_ベンチ
eq_0901_ベンチ_11,103,徳島第三ガーデン,ベンチ,d,400036,2,2025-06,1970.0,55,0.7,D判定_ベンチ
eq_0902_ベンチ_12,103,徳島第三ガーデン,ベンチ,d,354240,2,2025-02,1970.0,55,0.7,D判定_ベンチ
eq_0903_ベンチ_13,103,徳島第三ガーデン,ベンチ,e,781356,1,2025-03,1970.0,55,0.9,E判定_ベンチ
eq_0904_ベンチ_14,103,徳島第三ガーデン,ベンチ,e,890987,1,2025-03,1970.0,55,0.9,E判定_ベンチ
eq_0905_ベンチ_15,103,徳島第三ガーデン,ベンチ,c,99230,3,2025-01,1970.0,55,0.5,C判定_ベンチ
eq_0906_ベンチ_16,103,徳島第三ガーデン,ベンチ,d,450138,2,2024-10,1970.0,55,0.7,D判定_ベンチ
eq_0907_ベンチ_17,103,徳島第三ガーデン,ベンチ,c,198563,3,2025-03,1970.0,55,0.5,C判定_ベンチ
eq_0908_ベンチ_18,103,徳島第三ガーデン,ベンチ,c,282230,3,2024-09,1970.0,55,0.5,C判定_ベンチ
eq_0909_ベンチ_19,103,徳島第三ガーデン,ベンチ,c,243735,3,2025-07,1970.0,55,0.5,C判定_ベンチ
eq_0910_ベンチ_20,103,徳島第三ガーデン,ベンチ,d,587629,2,2025-06,1970.0,55,0.7,D判定_ベンチ
eq_0911_ベンチ_21,103,徳島第三ガーデン,ベンチ,c,181617,3,2025-05,1970.0,55,0.5,C判定_ベンチ
eq_0912_スベリ台,104,富山海岸広場,スベリ台,e,2543787,1,2025-01,1980.0,45,0.9,E判定_スベリ台
eq_0913_ベンチ_01,104,富山海岸広場,ベンチ,c,269698,3,2025-05,1980.0,45,0.5,C判定_ベンチ
eq_0914_ベンチ_02,104,富山海岸広場,ベンチ,d,292383,2,2025-04,1980.0,45,0.7,D判定_ベンチ
eq_0915_スベリ台,105,岡山大ガーデン,スベリ台,b,476432,4,2025-05,1996.0,29,0.3,B判定_スベリ台
eq_0916_スプリング遊具,105,岡山大ガーデン,スプリング遊具,b,112306,4,2025-06,1996.0,29,0.3,B判定_スプリング遊具
eq_0917_踏み板式ブランコ,106,神奈川朝日遊園,踏み板式ブランコ,e,2579379,1,2024-09,1977.0,48,0.9,E判定_踏み板式ブランコ
eq_0918_スベリ台,106,神奈川朝日遊園,スベリ台,e,2678198,1,2024-10,1977.0,48,0.9,E判定_スベリ台
eq_0919_Athletic遊具,106,神奈川朝日遊園,ﾌｨｰﾙﾄﾞｱｽﾚﾁｯｸ遊具,c,1033711,3,2025-07,1977.0,48,0.5,C判定_ﾌｨｰﾙﾄﾞｱｽﾚﾁｯｸ遊具
eq_0920_スプリング遊具,106,神奈川朝日遊園,スプリング遊具,e,1117969,1,2025-04,1977.0,48,0.9,E判定_スプリング遊具
eq_0921_ベンチ_01,106,神奈川朝日遊園,ベンチ,e,456252,1,2025-05,1977.0,48,0.9,E判定_ベンチ
eq_0922_ベンチ_02,106,神奈川朝日遊園,ベンチ,c,219998,3,2024-08,1977.0,48,0.5,C判定_ベンチ
eq_0923_ベンチ_03,106,神奈川朝日遊園,ベンチ,e,516825,1,2025-06,1977.0,48,0.9,E判定_ベンチ
eq_0924_ベンチ_04,106,神奈川朝日遊園,ベンチ,d,597505,2,2025-05,1977.0,48,0.7,D判定_ベンチ
eq_0925_スプリング遊具,107,富山第三プラザ,スプリング遊具,d,605634,2,2025-02,1962.0,63,0.7,D判定_スプリング遊具
eq_0926_ベンチ_01,107,富山第三プラザ,ベンチ,e,778161,1,2025-02,1962.0,63,0.9,E判定_ベンチ
eq_0927_ベンチ_02,107,富山第三プラザ,ベンチ,c,183580,3,2024-10,1962.0,63,0.5,C判定_ベンチ
eq_0928_スベリ台,108,京都歴史広場,スベリ台,a,68496,5,2024-10,2006.0,19,0.1,A判定_スベリ台
eq_0929_Athletic遊具,108,京都歴史広場,ﾌｨｰﾙﾄﾞｱｽﾚﾁｯｸ遊具,b,310878,4,2024-12,2006.0,19,0.3,B判定_ﾌｨｰﾙﾄﾞｱｽﾚﾁｯｸ遊具
eq_0930_スプリング遊具,108,京都歴史広場,スプリング遊具,b,261288,4,2024-09,2006.0,19,0.3,B判定_スプリング遊具
eq_0931_ベンチ_01,108,京都歴史広場,ベンチ,a,25336,5,2025-02,2006.0,19,0.1,A判定_ベンチ
eq_0932_ベンチ_02,108,京都歴史広場,ベンチ,a,25066,5,2024-10,2006.0,19,0.1,A判定_ベンチ
eq_0933_ベンチ_03,108,京都歴史広場,ベンチ,a,45498,5,2024-10,2006.0,19,0.1,A判定_ベンチ
eq_0934_ベンチ_04,108,京都歴史広場,ベンチ,a,23504,5,2024-10,2006.0,19,0.1,A判定_ベンチ
eq_0935_ベンチ_05,108,京都歴史広場,ベンチ,a,29799,5,2024-10,2006.0,19,0.1,A判定_ベンチ
eq_0936_ベンチ_06,108,京都歴史広場,ベンチ,b,70448,4,2024-10,2006.0,19,0.3,B判定_ベンチ
eq_0937_Athletic遊具,109,福島若葉公園,ﾌｨｰﾙﾄﾞｱｽﾚﾁｯｸ遊具,b,778267,4,2024-10,2006.0,19,0.3,B判定_ﾌｨｰﾙﾄﾞｱｽﾚﾁｯｸ遊具
eq_0938_ベンチ_01,109,福島若葉公園,ベンチ,a,15635,5,2024-08,2006.0,19,0.1,A判定_ベンチ
eq_0939_踏み板式ブランコ,110,長野大遊園,踏み板式ブランコ,c,790611,3,2024-11,1953.0,72,0.5,C判定_踏み板式ブランコ
eq_0940_スベリ台,110,長野大遊園,スベリ台,d,1004706,2,2024-10,1953.0,72,0.7,D判定_スベリ台
eq_0941_スプリング遊具,110,長野大遊園,スプリング遊具,d,978304,2,2025-04,1953.0,72,0.7,D判定_スプリング遊具
eq_0942_ベンチ_01,110,長野大遊園,ベンチ,e,815712,1,2025-03,1953.0,72,0.9,E判定_ベンチ
eq_0943_ベンチ_02,110,長野大遊園,ベンチ,d,515122,2,2024-11,1953.0,72,0.7,D判定_ベンチ
eq_0944_ベンチ_03,110,長野大遊園,ベンチ,e,466744,1,2025-06,1953.0,72,0.9,E判定_ベンチ
eq_0945_ベンチ_04,110,長野大遊園,ベンチ,c,116569,3,2025-06,1953.0,72,0.5,C判定_ベンチ
eq_0946_ベンチ_05,110,長野大遊園,ベンチ,d,542186,2,2025-07,1953.0,72,0.7,D判定_ベンチ
eq_0947_スプリング遊具,111,愛媛第三公園,スプリング遊具,d,728268,2,2025-05,1990.0,35,0.7,D判定_スプリング遊具
eq_0948_ベンチ_01,111,愛媛第三公園,ベンチ,c,171522,3,2025-03,1990.0,35,0.5,C判定_ベンチ
eq_0949_ベンチ_02,111,愛媛第三公園,ベンチ,c,264865,3,2024-09,1990.0,35,0.5,C判定_ベンチ
eq_0950_踏み板式ブランコ,112,大分運動遊園,踏み板式ブランコ,e,2474943,1,2024-10,1973.0,52,0.9,E判定_踏み板式ブランコ
eq_0951_スベリ台,112,大分運動遊園,スベリ台,d,961472,2,2024-09,1973.0,52,0.7,D判定_スベリ台
eq_0952_ベンチ_01,112,大分運動遊園,ベンチ,d,510837,2,2025-06,1973.0,52,0.7,D判定_ベンチ
eq_0953_ベンチ_02,112,大分運動遊園,ベンチ,d,539785,2,2024-08,1973.0,52,0.7,D判定_ベンチ
eq_0954_ベンチ_03,112,大分運動遊園,ベンチ,d,348852,2,2024-10,1973.0,52,0.7,D判定_ベンチ
eq_0955_ベンチ_04,112,大分運動遊園,ベンチ,c,117504,3,2025-06,1973.0,52,0.5,C判定_ベンチ
eq_0956_ベンチ_05,112,大分運動遊園,ベンチ,e,478668,1,2025-02,1973.0,52,0.9,E判定_ベンチ
eq_0957_スプリング遊具,113,沖縄大広場,スプリング遊具,c,234718,3,2025-02,1978.0,47,0.5,C判定_スプリング遊具
eq_0958_ベンチ_01,113,沖縄大広場,ベンチ,e,725513,1,2025-04,1978.0,47,0.9,E判定_ベンチ
eq_0959_ベンチ_02,113,沖縄大広場,ベンチ,d,528013,2,2024-08,1978.0,47,0.7,D判定_ベンチ
eq_0960_スベリ台,114,徳島風遊園,スベリ台,d,2278374,2,2024-11,1981.0,44,0.7,D判定_スベリ台
eq_0961_スプリング遊具,114,徳島風遊園,スプリング遊具,b,175639,4,2024-08,1981.0,44,0.3,B判定_スプリング遊具
eq_0962_ベンチ_01,114,徳島風遊園,ベンチ,d,328414,2,2025-01,1981.0,44,0.7,D判定_ベンチ
eq_0963_踏み板式ブランコ,115,宮崎運動パーク,踏み板式ブランコ,b,174183,4,2025-02,1992.0,33,0.3,B判定_踏み板式ブランコ
eq_0964_スベリ台,115,宮崎運動パーク,スベリ台,c,506577,3,2025-04,1992.0,33,0.5,C判定_スベリ台
eq_0965_Athletic遊具,115,宮崎運動パーク,ﾌｨｰﾙﾄﾞｱｽﾚﾁｯｸ遊具,b,284720,4,2025-06,1992.0,33,0.3,B判定_ﾌｨｰﾙﾄﾞｱｽﾚﾁｯｸ遊具
eq_0966_スプリング遊具,115,宮崎運動パーク,スプリング遊具,c,218119,3,2024-10,1992.0,33,0.5,C判定_スプリング遊具
eq_0967_ベンチ_01,115,宮崎運動パーク,ベンチ,c,258625,3,2025-02,1992.0,33,0.5,C判定_ベンチ
eq_0968_ベンチ_02,115,宮崎運動パーク,ベンチ,b,96468,4,2025-06,1992.0,33,0.3,B判定_ベンチ
eq_0969_ベンチ_03,115,宮崎運動パーク,ベンチ,c,239389,3,2024-09,1992.0,33,0.5,C判定_ベンチ
eq_0970_ベンチ_04,115,宮崎運動パーク,ベンチ,c,285511,3,2024-10,1992.0,33,0.5,C判定_ベンチ
eq_0971_ベンチ_05,115,宮崎運動パーク,ベンチ,b,110163,4,2025-01,1992.0,33,0.3,B判定_ベンチ
eq_0972_ベンチ_06,115,宮崎運動パーク,ベンチ,b,77460,4,2025-02,1992.0,33,0.3,B判定_ベンチ
eq_0973_スベリ台,116,福井月ガーデン,スベリ台,d,1774516,2,2025-01,1959.0,66,0.7,D判定_スベリ台
eq_0974_Athletic遊具,116,福井月ガーデン,ﾌｨｰﾙﾄﾞｱｽﾚﾁｯｸ遊具,d,3347622,2,2025-06,1959.0,66,0.7,D判定_ﾌｨｰﾙﾄﾞｱｽﾚﾁｯｸ遊具
eq_0975_スプリング遊具,116,福井月ガーデン,スプリング遊具,c,455244,3,2024-11,1959.0,66,0.5,C判定_スプリング遊具
eq_0976_ベンチ_01,116,福井月ガーデン,ベンチ,e,586399,1,2025-01,1959.0,66,0.9,E判定_ベンチ
eq_0977_ベンチ_02,116,福井月ガーデン,ベンチ,e,475500,1,2025-05,1959.0,66,0.9,E判定_ベンチ
eq_0978_ベンチ_03,116,福井月ガーデン,ベンチ,e,771875,1,2025-07,1959.0,66,0.9,E判定_ベンチ
eq_0979_ベンチ_04,116,福井月ガーデン,ベンチ,d,526201,2,2024-09,1959.0,66,0.7,D判定_ベンチ
eq_0980_ベンチ_05,116,福井月ガーデン,ベンチ,e,769678,1,2025-01,1959.0,66,0.9,E判定_ベンチ
eq_0981_ベンチ_06,116,福井月ガーデン,ベンチ,e,531090,1,2025-07,1959.0,66,0.9,E判定_ベンチ
eq_0982_ベンチ_07,116,福井月ガーデン,ベンチ,c,218952,3,2024-11,1959.0,66,0.5,C判定_ベンチ
eq_0983_ベンチ_08,116,福井月ガーデン,ベンチ,c,145303,3,2024-08,1959.0,66,0.5,C判定_ベンチ
eq_0984_ベンチ_09,116,福井月ガーデン,ベンチ,e,812545,1,2025-05,1959.0,66,0.9,E判定_ベンチ
eq_0985_ベンチ_10,116,福井月ガーデン,ベンチ,d,262784,2,2024-12,1959.0,66,0.7,D判定_ベンチ
eq_0986_ベンチ_11,116,福井月ガーデン,ベンチ,d,254093,2,2024-10,1959.0,66,0.7,D判定_ベンチ
eq_0987_ベンチ_12,116,福井月ガーデン,ベンチ,d,358518,2,2025-07,1959.0,66,0.7,D判定_ベンチ
eq_0988_踏み板式ブランコ,117,奈良希望プラザ,踏み板式ブランコ,e,1752973,1,2025-02,1978.0,47,0.9,E判定_踏み板式ブランコ
eq_0989_スベリ台,117,奈良希望プラザ,スベリ台,c,937502,3,2024-12,1978.0,47,0.5,C判定_スベリ台
eq_0990_踏み板式ブランコ,118,岐阜第二緑地,踏み板式ブランコ,a,149111,5,2024-08,2009.0,16,0.1,A判定_踏み板式ブランコ
eq_0991_スベリ台,118,岐阜第二緑地,スベリ台,a,71910,5,2025-04,2009.0,16,0.1,A判定_スベリ台
eq_0992_Athletic遊具,118,岐阜第二緑地,ﾌｨｰﾙﾄﾞｱｽﾚﾁｯｸ遊具,b,505407,4,2025-06,2009.0,16,0.3,B判定_ﾌｨｰﾙﾄﾞｱｽﾚﾁｯｸ遊具
eq_0993_ベンチ_01,118,岐阜第二緑地,ベンチ,a,39050,5,2025-01,2009.0,16,0.1,A判定_ベンチ
eq_0994_ベンチ_02,118,岐阜第二緑地,ベンチ,b,91088,4,2025-03,2009.0,16,0.3,B判定_ベンチ
eq_0995_踏み板式ブランコ,119,滋賀平和公園,踏み板式ブランコ,a,66939,5,2025-03,1999.0,26,0.1,A判定_踏み板式ブランコ
eq_0996_スベリ台,119,滋賀平和公園,スベリ台,c,848118,3,2025-07,1999.0,26,0.5,C判定_スベリ台
eq_0997_ベンチ_01,119,滋賀平和公園,ベンチ,a,55275,5,2024-11,1999.0,26,0.1,A判定_ベンチ
eq_0998_ベンチ_02,119,滋賀平和公園,ベンチ,a,40456,5,2025-02,1999.0,26,0.1,A判定_ベンチ
eq_0999_ベンチ_03,119,滋賀平和公園,ベンチ,b,92694,4,2024-08,1999.0,26,0.3,B判定_ベンチ
eq_1000_踏み板式ブランコ,120,神奈川上遊園,踏み板式ブランコ,d,807928,2,2025-05,1995.0,30,0.7,D判定_踏み板式ブランコ
eq_1001_スベリ台,120,神奈川上遊園,スベリ台,c,957870,3,2025-05,1995.0,30,0.5,C判定_スベリ台
eq_1002_Athletic遊具,120,神奈川上遊園,ﾌｨｰﾙﾄﾞｱｽﾚﾁｯｸ遊具,c,917179,3,2025-06,1995.0,30,0.5,C判定_ﾌｨｰﾙﾄﾞｱｽﾚﾁｯｸ遊具
eq_1003_ベンチ_01,120,神奈川上遊園,ベンチ,d,577707,2,2024-12,1995.0,30,0.7,D判定_ベンチ
eq_1004_ベンチ_02,120,神奈川上遊園,ベンチ,b,69414,4,2025-06,1995.0,30,0.3,B判定_ベンチ
eq_1005_ベンチ_03,120,神奈川上遊園,ベンチ,c,298918,3,2024-10,1995.0,30,0.5,C判定_ベンチ
eq_1006_ベンチ_04,120,神奈川上遊園,ベンチ,b,118069,4,2025-04,1995.0,30,0.3,B判定_ベンチ
eq_1007_ベンチ_05,120,神奈川上遊園,ベンチ,b,115002,4,2024-08,1995.0,30,0.3,B判定_ベンチ
eq_1008_ベンチ_06,120,神奈川上遊園,ベンチ,b,134759,4,2024-10,1995.0,30,0.3,B判定_ベンチ
eq_1009_スベリ台,121,山口平和緑地,スベリ台,d,1653422,2,2024-09,1951.0,74,0.7,D判定_スベリ台
eq_1010_踏み板式ブランコ,122,高知第三ガーデン,踏み板式ブランコ,c,798444,3,2025-07,1988.0,37,0.5,C判定_踏み板式ブランコ
eq_1011_スベリ台,122,高知第三ガーデン,スベリ台,c,1193400,3,2025-03,1988.0,37,0.5,C判定_スベリ台
eq_1012_Athletic遊具,122,高知第三ガーデン,ﾌｨｰﾙﾄﾞｱｽﾚﾁｯｸ遊具,b,751316,4,2024-07,1988.0,37,0.3,B判定_ﾌｨｰﾙﾄﾞｱｽﾚﾁｯｸ遊具
eq_1013_スプリング遊具,122,高知第三ガーデン,スプリング遊具,d,888844,2,2025-05,1988.0,37,0.7,D判定_スプリング遊具
eq_1014_ベンチ_01,122,高知第三ガーデン,ベンチ,d,494873,2,2024-10,1988.0,37,0.7,D判定_ベンチ
eq_1015_ベンチ_02,122,高知第三ガーデン,ベンチ,b,99854,4,2025-02,1988.0,37,0.3,B判定_ベンチ
eq_1016_ベンチ_03,122,高知第三ガーデン,ベンチ,d,373785,2,2024-11,1988.0,37,0.7,D判定_ベンチ
eq_1017_ベンチ_04,122,高知第三ガーデン,ベンチ,c,96318,3,2025-03,1988.0,37,0.5,C判定_ベンチ
eq_1018_ベンチ_05,122,高知第三ガーデン,ベンチ,d,317682,2,2024-10,1988.0,37,0.7,D判定_ベンチ
eq_1019_ベンチ_06,122,高知第三ガーデン,ベンチ,c,91164,3,2025-07,1988.0,37,0.5,C判定_ベンチ
eq_1020_スベリ台,123,鹿児島大緑地,スベリ台,b,277947,4,2024-12,2005.0,20,0.3,B判定_スベリ台
eq_1021_スプリング遊具,123,鹿児島大緑地,スプリング遊具,b,202881,4,2024-11,2005.0,20,0.3,B判定_スプリング遊具
eq_1022_ベンチ_01,123,鹿児島大緑地,ベンチ,b,131062,4,2024-12,2005.0,20,0.3,B判定_ベンチ
eq_1023_ベンチ_02,123,鹿児島大緑地,ベンチ,c,117980,3,2025-06,2005.0,20,0.5,C判定_ベンチ
eq_1024_ベンチ_03,123,鹿児島大緑地,ベンチ,b,71591,4,2024-11,2005.0,20,0.3,B判定_ベンチ
eq_1025_踏み板式ブランコ,124,岐阜駅前広場,踏み板式ブランコ,c,402126,3,2025-05,1996.0,29,0.5,C判定_踏み板式ブランコ
eq_1026_スベリ台,124,岐阜駅前広場,スベリ台,b,304729,4,2025-04,1996.0,29,0.3,B判定_スベリ台
eq_1027_Athletic遊具,124,岐阜駅前広場,ﾌｨｰﾙﾄﾞｱｽﾚﾁｯｸ遊具,c,1654952,3,2025-01,1996.0,29,0.5,C判定_ﾌｨｰﾙﾄﾞｱｽﾚﾁｯｸ遊具
eq_1028_ベンチ_01,124,岐阜駅前広場,ベンチ,b,79188,4,2024-11,1996.0,29,0.3,B判定_ベンチ
eq_1029_ベンチ_02,124,岐阜駅前広場,ベンチ,b,135948,4,2025-02,1996.0,29,0.3,B判定_ベンチ
eq_1030_ベンチ_03,124,岐阜駅前広場,ベンチ,b,71028,4,2025-06,1996.0,29,0.3,B判定_ベンチ
eq_1031_ベンチ_04,124,岐阜駅前広場,ベンチ,a,25998,5,2024-12,1996.0,29,0.1,A判定_ベンチ
eq_1032_ベンチ_05,124,岐阜駅前広場,ベンチ,c,122059,3,2025-01,1996.0,29,0.5,C判定_ベンチ
eq_1033_ベンチ_06,124,岐阜駅前広場,ベンチ,b,40645,4,2024-10,1996.0,29,0.3,B判定_ベンチ
eq_1034_ベンチ_07,124,岐阜駅前広場,ベンチ,b,115288,4,2024-09,1996.0,29,0.3,B判定_ベンチ
eq_1035_ベンチ_08,124,岐阜駅前広場,ベンチ,b,80553,4,2024-09,1996.0,29,0.3,B判定_ベンチ
eq_1036_踏み板式ブランコ,125,富山西緑地,踏み板式ブランコ,d,1060198,2,2025-01,1973.0,52,0.7,D判定_踏み板式ブランコ
eq_1037_スベリ台,125,富山西緑地,スベリ台,d,1829926,2,2025-07,1973.0,52,0.7,D判定_スベリ台
eq_1038_Athletic遊具,125,富山西緑地,ﾌｨｰﾙﾄﾞｱｽﾚﾁｯｸ遊具,c,615681,3,2024-10,1973.0,52,0.5,C判定_ﾌｨｰﾙﾄﾞｱｽﾚﾁｯｸ遊具
eq_1039_ベンチ_01,125,富山西緑地,ベンチ,d,558091,2,2025-06,1973.0,52,0.7,D判定_ベンチ
eq_1040_ベンチ_02,125,富山西緑地,ベンチ,d,275793,2,2024-11,1973.0,52,0.7,D判定_ベンチ
eq_1041_ベンチ_03,125,富山西緑地,ベンチ,d,391580,2,2024-10,1973.0,52,0.7,D判定_ベンチ
eq_1042_ベンチ_04,125,富山西緑地,ベンチ,d,481241,2,2024-11,1973.0,52,0.7,D判定_ベンチ
eq_1043_ベンチ_05,125,富山西緑地,ベンチ,e,637870,1,2024-09,1973.0,52,0.9,E判定_ベンチ
eq_1044_ベンチ_06,125,富山西緑地,ベンチ,c,113595,3,2024-09,1973.0,52,0.5,C判定_ベンチ
eq_1045_踏み板式ブランコ,126,高知下広場,踏み板式ブランコ,c,885504,3,2025-03,1989.0,36,0.5,C判定_踏み板式ブランコ
eq_1046_スベリ台,126,高知下広場,スベリ台,d,1854544,2,2025-03,1989.0,36,0.7,D判定_スベリ台
eq_1047_Athletic遊具,126,高知下広場,ﾌｨｰﾙﾄﾞｱｽﾚﾁｯｸ遊具,b,479368,4,2025-04,1989.0,36,0.3,B判定_ﾌｨｰﾙﾄﾞｱｽﾚﾁｯｸ遊具
eq_1048_スプリング遊具,126,高知下広場,スプリング遊具,b,286362,4,2024-10,1989.0,36,0.3,B判定_スプリング遊具
eq_1049_ベンチ_01,126,高知下広場,ベンチ,b,51741,4,2025-07,1989.0,36,0.3,B判定_ベンチ
eq_1050_ベンチ_02,126,高知下広場,ベンチ,b,125868,4,2025-06,1989.0,36,0.3,B判定_ベンチ
eq_1051_ベンチ_03,126,高知下広場,ベンチ,d,458325,2,2024-12,1989.0,36,0.7,D判定_ベンチ
eq_1052_ベンチ_04,126,高知下広場,ベンチ,c,94476,3,2024-08,1989.0,36,0.5,C判定_ベンチ
eq_1053_ベンチ_05,126,高知下広場,ベンチ,b,38945,4,2024-12,1989.0,36,0.3,B判定_ベンチ
eq_1054_ベンチ_06,126,高知下広場,ベンチ,c,243335,3,2024-10,1989.0,36,0.5,C判定_ベンチ
eq_1055_ベンチ_07,126,高知下広場,ベンチ,b,87189,4,2024-11,1989.0,36,0.3,B判定_ベンチ
eq_1056_ベンチ_08,126,高知下広場,ベンチ,d,542044,2,2025-04,1989.0,36,0.7,D判定_ベンチ
eq_1057_ベンチ_09,126,高知下広場,ベンチ,c,206904,3,2024-12,1989.0,36,0.5,C判定_ベンチ
eq_1058_ベンチ_10,126,高知下広場,ベンチ,b,32378,4,2025-03,1989.0,36,0.3,B判定_ベンチ
eq_1059_踏み板式ブランコ,127,埼玉東公園,踏み板式ブランコ,b,417987,4,2025-01,1991.0,34,0.3,B判定_踏み板式ブランコ
eq_1060_スベリ台,127,埼玉東公園,スベリ台,c,992497,3,2024-10,1991.0,34,0.5,C判定_スベリ台
eq_1061_Athletic遊具,127,埼玉東公園,ﾌｨｰﾙﾄﾞｱｽﾚﾁｯｸ遊具,c,776700,3,2024-10,1991.0,34,0.5,C判定_ﾌｨｰﾙﾄﾞｱｽﾚﾁｯｸ遊具
eq_1062_スプリング遊具,127,埼玉東公園,スプリング遊具,c,404581,3,2025-01,1991.0,34,0.5,C判定_スプリング遊具
eq_1063_ベンチ_01,127,埼玉東公園,ベンチ,c,285301,3,2024-08,1991.0,34,0.5,C判定_ベンチ
eq_1064_ベンチ_02,127,埼玉東公園,ベンチ,b,55437,4,2024-12,1991.0,34,0.3,B判定_ベンチ
eq_1065_ベンチ_03,127,埼玉東公園,ベンチ,d,586043,2,2025-01,1991.0,34,0.7,D判定_ベンチ
eq_1066_ベンチ_04,127,埼玉東公園,ベンチ,c,172056,3,2025-06,1991.0,34,0.5,C判定_ベンチ
eq_1067_ベンチ_05,127,埼玉東公園,ベンチ,c,293625,3,2025-07,1991.0,34,0.5,C判定_ベンチ
eq_1068_ベンチ_06,127,埼玉東公園,ベンチ,c,254983,3,2025-06,1991.0,34,0.5,C判定_ベンチ
eq_1069_ベンチ_07,127,埼玉東公園,ベンチ,d,493213,2,2024-08,1991.0,34,0.7,D判定_ベンチ
eq_1070_ベンチ_08,127,埼玉東公園,ベンチ,c,191674,3,2024-09,1991.0,34,0.5,C判定_ベンチ
eq_1071_ベンチ_09,127,埼玉東公園,ベンチ,c,142634,3,2025-01,1991.0,34,0.5,C判定_ベンチ
eq_1072_ベンチ_10,127,埼玉東公園,ベンチ,c,239197,3,2024-12,1991.0,34,0.5,C判定_ベンチ
eq_1073_ベンチ_11,127,埼玉東公園,ベンチ,d,366446,2,2025-02,1991.0,34,0.7,D判定_ベンチ
eq_1074_ベンチ_12,127,埼玉東公園,ベンチ,d,478329,2,2024-12,1991.0,34,0.7,D判定_ベンチ
eq_1075_ベンチ_13,127,埼玉東公園,ベンチ,b,93406,4,2024-10,1991.0,34,0.3,B判定_ベンチ
eq_1076_踏み板式ブランコ,128,大阪新遊園,踏み板式ブランコ,d,1676890,2,2024-08,1970.0,55,0.7,D判定_踏み板式ブランコ
eq_1077_スベリ台,128,大阪新遊園,スベリ台,d,1126387,2,2024-12,1970.0,55,0.7,D判定_スベリ台
eq_1078_Athletic遊具,128,大阪新遊園,ﾌｨｰﾙﾄﾞｱｽﾚﾁｯｸ遊具,d,3469993,2,2024-09,1970.0,55,0.7,D判定_ﾌｨｰﾙﾄﾞｱｽﾚﾁｯｸ遊具
eq_1079_スプリング遊具,128,大阪新遊園,スプリング遊具,d,559899,2,2025-03,1970.0,55,0.7,D判定_スプリング遊具
eq_1080_ベンチ_01,128,大阪新遊園,ベンチ,d,240686,2,2025-04,1970.0,55,0.7,D判定_ベンチ
eq_1081_ベンチ_02,128,大阪新遊園,ベンチ,c,297304,3,2025-04,1970.0,55,0.5,C判定_ベンチ
eq_1082_踏み板式ブランコ,129,東京緑地プラザ,踏み板式ブランコ,b,471209,4,2025-02,1994.0,31,0.3,B判定_踏み板式ブランコ
eq_1083_スベリ台,129,東京緑地プラザ,スベリ台,b,325777,4,2025-04,1994.0,31,0.3,B判定_スベリ台
eq_1084_ベンチ_01,129,東京緑地プラザ,ベンチ,d,264824,2,2025-05,1994.0,31,0.7,D判定_ベンチ
eq_1085_ベンチ_02,129,東京緑地プラザ,ベンチ,d,503986,2,2025-06,1994.0,31,0.7,D判定_ベンチ
eq_1086_ベンチ_03,129,東京緑地プラザ,ベンチ,c,284995,3,2025-05,1994.0,31,0.5,C判定_ベンチ
eq_1087_踏み板式ブランコ,130,石川朝日緑地,踏み板式ブランコ,b,149540,4,2024-07,1989.0,36,0.3,B判定_踏み板式ブランコ
eq_1088_スベリ台,130,石川朝日緑地,スベリ台,d,1811406,2,2024-10,1989.0,36,0.7,D判定_スベリ台
eq_1089_スプリング遊具,130,石川朝日緑地,スプリング遊具,c,446851,3,2025-07,1989.0,36,0.5,C判定_スプリング遊具
eq_1090_ベンチ_01,130,石川朝日緑地,ベンチ,b,140163,4,2025-03,1989.0,36,0.3,B判定_ベンチ
eq_1091_ベンチ_02,130,石川朝日緑地,ベンチ,c,143334,3,2025-07,1989.0,36,0.5,C判定_ベンチ
eq_1092_ベンチ_03,130,石川朝日緑地,ベンチ,b,71317,4,2025-05,1989.0,36,0.3,B判定_ベンチ
eq_1093_ベンチ_04,130,石川朝日緑地,ベンチ,d,486675,2,2024-08,1989.0,36,0.7,D判定_ベンチ
eq_1094_ベンチ_05,130,石川朝日緑地,ベンチ,c,252679,3,2025-07,1989.0,36,0.5,C判定_ベンチ
eq_1095_ベンチ_06,130,石川朝日緑地,ベンチ,c,145670,3,2024-12,1989.0,36,0.5,C判定_ベンチ
eq_1096_ベンチ_07,130,石川朝日緑地,ベンチ,c,255848,3,2024-11,1989.0,36,0.5,C判定_ベンチ
eq_1097_ベンチ_08,130,石川朝日緑地,ベンチ,b,101049,4,2025-02,1989.0,36,0.3,B判定_ベンチ
eq_1098_ベンチ_09,130,石川朝日緑地,ベンチ,c,173115,3,2025-03,1989.0,36,0.5,C判定_ベンチ
eq_1099_踏み板式ブランコ,131,岩手桜広場,踏み板式ブランコ,b,418210,4,2025-03,2001.0,24,0.3,B判定_踏み板式ブランコ
eq_1100_スプリング遊具,131,岩手桜広場,スプリング遊具,b,86563,4,2025-04,2001.0,24,0.3,B判定_スプリング遊具
eq_1101_ベンチ_01,131,岩手桜広場,ベンチ,a,41894,5,2025-06,2001.0,24,0.1,A判定_ベンチ
eq_1102_ベンチ_02,131,岩手桜広場,ベンチ,b,92204,4,2025-05,2001.0,24,0.3,B判定_ベンチ
eq_1103_ベンチ_03,131,岩手桜広場,ベンチ,c,277587,3,2025-05,2001.0,24,0.5,C判定_ベンチ
eq_1104_踏み板式ブランコ,132,大阪光広場,踏み板式ブランコ,c,783095,3,2025-04,1983.0,42,0.5,C判定_踏み板式ブランコ
eq_1105_スベリ台,132,大阪光広場,スベリ台,c,1002646,3,2025-03,1983.0,42,0.5,C判定_スベリ台
eq_1106_Athletic遊具,132,大阪光広場,ﾌｨｰﾙﾄﾞｱｽﾚﾁｯｸ遊具,c,1384977,3,2025-01,1983.0,42,0.5,C判定_ﾌｨｰﾙﾄﾞｱｽﾚﾁｯｸ遊具
eq_1107_スプリング遊具,132,大阪光広場,スプリング遊具,b,95132,4,2024-08,1983.0,42,0.3,B判定_スプリング遊具
eq_1108_ベンチ_01,132,大阪光広場,ベンチ,d,394080,2,2025-06,1983.0,42,0.7,D判定_ベンチ
eq_1109_ベンチ_02,132,大阪光広場,ベンチ,d,317443,2,2025-04,1983.0,42,0.7,D判定_ベンチ
eq_1110_ベンチ_03,132,大阪光広場,ベンチ,b,32480,4,2025-03,1983.0,42,0.3,B判定_ベンチ
eq_1111_ベンチ_04,132,大阪光広場,ベンチ,c,261015,3,2025-04,1983.0,42,0.5,C判定_ベンチ
eq_1112_ベンチ_05,132,大阪光広場,ベンチ,c,283660,3,2025-03,1983.0,42,0.5,C判定_ベンチ
eq_1113_ベンチ_06,132,大阪光広場,ベンチ,c,261507,3,2025-01,1983.0,42,0.5,C判定_ベンチ
eq_1114_ベンチ_07,132,大阪光広場,ベンチ,b,97507,4,2024-10,1983.0,42,0.3,B判定_ベンチ
eq_1115_ベンチ_08,132,大阪光広場,ベンチ,b,59097,4,2024-10,1983.0,42,0.3,B判定_ベンチ
eq_1116_ベンチ_09,132,大阪光広場,ベンチ,c,133721,3,2025-03,1983.0,42,0.5,C判定_ベンチ
eq_1117_ベンチ_10,132,大阪光広場,ベンチ,b,122130,4,2024-11,1983.0,42,0.3,B判定_ベンチ
eq_1118_ベンチ_11,132,大阪光広場,ベンチ,b,133124,4,2025-02,1983.0,42,0.3,B判定_ベンチ
eq_1119_ベンチ_12,132,大阪光広場,ベンチ,b,113097,4,2024-10,1983.0,42,0.3,B判定_ベンチ
eq_1120_ベンチ_13,132,大阪光広場,ベンチ,b,146868,4,2025-02,1983.0,42,0.3,B判定_ベンチ
eq_1121_ベンチ_14,132,大阪光広場,ベンチ,d,313930,2,2025-06,1983.0,42,0.7,D判定_ベンチ
eq_1122_踏み板式ブランコ,133,長崎紅葉緑地,踏み板式ブランコ,a,59623,5,2024-10,2020.0,5,0.1,A判定_踏み板式ブランコ
eq_1123_スベリ台,133,長崎紅葉緑地,スベリ台,a,86490,5,2025-07,2020.0,5,0.1,A判定_スベリ台
eq_1124_Athletic遊具,133,長崎紅葉緑地,ﾌｨｰﾙﾄﾞｱｽﾚﾁｯｸ遊具,a,163063,5,2025-04,2020.0,5,0.1,A判定_ﾌｨｰﾙﾄﾞｱｽﾚﾁｯｸ遊具
eq_1125_スプリング遊具,133,長崎紅葉緑地,スプリング遊具,a,40345,5,2024-10,2020.0,5,0.1,A判定_スプリング遊具
eq_1126_ベンチ_01,133,長崎紅葉緑地,ベンチ,a,43903,5,2024-10,2020.0,5,0.1,A判定_ベンチ
eq_1127_ベンチ_02,133,長崎紅葉緑地,ベンチ,a,41991,5,2025-06,2020.0,5,0.1,A判定_ベンチ
eq_1128_ベンチ_03,133,長崎紅葉緑地,ベンチ,a,34305,5,2025-02,2020.0,5,0.1,A判定_ベンチ
eq_1129_ベンチ_04,133,長崎紅葉緑地,ベンチ,a,59291,5,2025-02,2020.0,5,0.1,A判定_ベンチ
eq_1130_ベンチ_05,133,長崎紅葉緑地,ベンチ,a,46443,5,2025-06,2020.0,5,0.1,A判定_ベンチ
eq_1131_踏み板式ブランコ,134,広島第二ガーデン,踏み板式ブランコ,c,825550,3,2025-03,1993.0,32,0.5,C判定_踏み板式ブランコ
eq_1132_Athletic遊具,134,広島第二ガーデン,ﾌｨｰﾙﾄﾞｱｽﾚﾁｯｸ遊具,b,236271,4,2025-07,1993.0,32,0.3,B判定_ﾌｨｰﾙﾄﾞｱｽﾚﾁｯｸ遊具
eq_1133_スプリング遊具,134,広島第二ガーデン,スプリング遊具,b,135522,4,2025-06,1993.0,32,0.3,B判定_スプリング遊具
eq_1134_ベンチ_01,134,広島第二ガーデン,ベンチ,d,339879,2,2025-05,1993.0,32,0.7,D判定_ベンチ
eq_1135_ベンチ_02,134,広島第二ガーデン,ベンチ,c,241146,3,2024-12,1993.0,32,0.5,C判定_ベンチ
eq_1136_スベリ台,135,石川第一緑地,スベリ台,b,375531,4,2025-01,1995.0,30,0.3,B判定_スベリ台
eq_1137_Athletic遊具,135,石川第一緑地,ﾌｨｰﾙﾄﾞｱｽﾚﾁｯｸ遊具,b,620751,4,2024-09,1995.0,30,0.3,B判定_ﾌｨｰﾙﾄﾞｱｽﾚﾁｯｸ遊具
eq_1138_踏み板式ブランコ,136,鳥取花広場,踏み板式ブランコ,d,1859277,2,2024-08,1967.0,58,0.7,D判定_踏み板式ブランコ
eq_1139_スベリ台,136,鳥取花広場,スベリ台,c,650594,3,2025-07,1967.0,58,0.5,C判定_スベリ台
eq_1140_Athletic遊具,136,鳥取花広場,ﾌｨｰﾙﾄﾞｱｽﾚﾁｯｸ遊具,c,1006790,3,2024-10,1967.0,58,0.5,C判定_ﾌｨｰﾙﾄﾞｱｽﾚﾁｯｸ遊具
eq_1141_スプリング遊具,136,鳥取花広場,スプリング遊具,c,505837,3,2025-06,1967.0,58,0.5,C判定_スプリング遊具
eq_1142_ベンチ_01,136,鳥取花広場,ベンチ,c,187298,3,2024-07,1967.0,58,0.5,C判定_ベンチ
eq_1143_ベンチ_02,136,鳥取花広場,ベンチ,d,553831,2,2025-06,1967.0,58,0.7,D判定_ベンチ
eq_1144_ベンチ_03,136,鳥取花広場,ベンチ,d,388270,2,2025-02,1967.0,58,0.7,D判定_ベンチ
eq_1145_ベンチ_04,136,鳥取花広場,ベンチ,d,504431,2,2024-12,1967.0,58,0.7,D判定_ベンチ
eq_1146_ベンチ_05,136,鳥取花広場,ベンチ,d,461220,2,2024-11,1967.0,58,0.7,D判定_ベンチ
eq_1147_ベンチ_06,136,鳥取花広場,ベンチ,e,763526,1,2024-11,1967.0,58,0.9,E判定_ベンチ
eq_1148_ベンチ_07,136,鳥取花広場,ベンチ,d,367045,2,2024-11,1967.0,58,0.7,D判定_ベンチ
eq_1149_ベンチ_08,136,鳥取花広場,ベンチ,c,193059,3,2024-12,1967.0,58,0.5,C判定_ベンチ
eq_1150_踏み板式ブランコ,137,岐阜北ガーデン,踏み板式ブランコ,c,718113,3,2024-10,1976.0,49,0.5,C判定_踏み板式ブランコ
eq_1151_スベリ台,137,岐阜北ガーデン,スベリ台,c,543488,3,2025-02,1976.0,49,0.5,C判定_スベリ台
eq_1152_Athletic遊具,137,岐阜北ガーデン,ﾌｨｰﾙﾄﾞｱｽﾚﾁｯｸ遊具,d,3296552,2,2025-04,1976.0,49,0.7,D判定_ﾌｨｰﾙﾄﾞｱｽﾚﾁｯｸ遊具
eq_1153_ベンチ_01,137,岐阜北ガーデン,ベンチ,d,271411,2,2024-09,1976.0,49,0.7,D判定_ベンチ
eq_1154_ベンチ_02,137,岐阜北ガーデン,ベンチ,d,350673,2,2024-10,1976.0,49,0.7,D判定_ベンチ
eq_1155_ベンチ_03,137,岐阜北ガーデン,ベンチ,d,343273,2,2025-06,1976.0,49,0.7,D判定_ベンチ
eq_1156_ベンチ_04,137,岐阜北ガーデン,ベンチ,d,539288,2,2024-09,1976.0,49,0.7,D判定_ベンチ
eq_1157_ベンチ_05,137,岐阜北ガーデン,ベンチ,d,327630,2,2025-07,1976.0,49,0.7,D判定_ベンチ
eq_1158_ベンチ_06,137,岐阜北ガーデン,ベンチ,c,264457,3,2025-06,1976.0,49,0.5,C判定_ベンチ
eq_1159_ベンチ_07,137,岐阜北ガーデン,ベンチ,d,537336,2,2024-09,1976.0,49,0.7,D判定_ベンチ
eq_1160_踏み板式ブランコ,138,福井桜広場,踏み板式ブランコ,b,139580,4,2024-12,2005.0,20,0.3,B判定_踏み板式ブランコ
eq_1161_スプリング遊具,138,福井桜広場,スプリング遊具,b,97972,4,2025-01,2005.0,20,0.3,B判定_スプリング遊具
eq_1162_ベンチ_01,138,福井桜広場,ベンチ,c,186169,3,2024-09,2005.0,20,0.5,C判定_ベンチ
eq_1163_踏み板式ブランコ,139,山形松公園,踏み板式ブランコ,b,228957,4,2024-11,2008.0,17,0.3,B判定_踏み板式ブランコ
eq_1164_ベンチ_01,139,山形松公園,ベンチ,a,31276,5,2024-12,2008.0,17,0.1,A判定_ベンチ
eq_1165_ベンチ_02,139,山形松公園,ベンチ,a,27812,5,2024-08,2008.0,17,0.1,A判定_ベンチ
eq_1166_ベンチ_03,139,山形松公園,ベンチ,a,44976,5,2024-11,2008.0,17,0.1,A判定_ベンチ
eq_1167_踏み板式ブランコ,140,静岡青葉パーク,踏み板式ブランコ,b,211448,4,2025-02,1997.0,28,0.3,B判定_踏み板式ブランコ
eq_1168_スベリ台,140,静岡青葉パーク,スベリ台,b,327310,4,2024-10,1997.0,28,0.3,B判定_スベリ台
eq_1169_Athletic遊具,140,静岡青葉パーク,ﾌｨｰﾙﾄﾞｱｽﾚﾁｯｸ遊具,a,185139,5,2024-09,1997.0,28,0.1,A判定_ﾌｨｰﾙﾄﾞｱｽﾚﾁｯｸ遊具
eq_1170_スプリング遊具,140,静岡青葉パーク,スプリング遊具,a,95418,5,2025-02,1997.0,28,0.1,A判定_スプリング遊具
eq_1171_ベンチ_01,140,静岡青葉パーク,ベンチ,c,139788,3,2024-12,1997.0,28,0.5,C判定_ベンチ
eq_1172_ベンチ_02,140,静岡青葉パーク,ベンチ,a,29887,5,2025-06,1997.0,28,0.1,A判定_ベンチ
eq_1173_ベンチ_03,140,静岡青葉パーク,ベンチ,a,44652,5,2024-10,1997.0,28,0.1,A判定_ベンチ
eq_1174_踏み板式ブランコ,141,島根第一広場,踏み板式ブランコ,c,446086,3,2025-07,1972.0,53,0.5,C判定_踏み板式ブランコ
eq_1175_スベリ台,141,島根第一広場,スベリ台,d,1988643,2,2025-03,1972.0,53,0.7,D判定_スベリ台
eq_1176_スプリング遊具,141,島根第一広場,スプリング遊具,d,929553,2,2024-08,1972.0,53,0.7,D判定_スプリング遊具
eq_1177_ベンチ_01,141,島根第一広場,ベンチ,d,394815,2,2024-11,1972.0,53,0.7,D判定_ベンチ
eq_1178_ベンチ_02,141,島根第一広場,ベンチ,c,294768,3,2024-10,1972.0,53,0.5,C判定_ベンチ
eq_1179_ベンチ_03,141,島根第一広場,ベンチ,e,648420,1,2024-08,1972.0,53,0.9,E判定_ベンチ
eq_1180_ベンチ_04,141,島根第一広場,ベンチ,c,223241,3,2024-11,1972.0,53,0.5,C判定_ベンチ
eq_1181_ベンチ_05,141,島根第一広場,ベンチ,d,375554,2,2024-09,1972.0,53,0.7,D判定_ベンチ
eq_1182_ベンチ_06,141,島根第一広場,ベンチ,c,149397,3,2024-12,1972.0,53,0.5,C判定_ベンチ
eq_1183_スベリ台,142,京都桜公園,スベリ台,c,824190,3,2025-03,1989.0,36,0.5,C判定_スベリ台
eq_1184_Athletic遊具,142,京都桜公園,ﾌｨｰﾙﾄﾞｱｽﾚﾁｯｸ遊具,c,1380567,3,2025-03,1989.0,36,0.5,C判定_ﾌｨｰﾙﾄﾞｱｽﾚﾁｯｸ遊具
eq_1185_ベンチ_01,142,京都桜公園,ベンチ,b,70841,4,2024-11,1989.0,36,0.3,B判定_ベンチ
eq_1186_ベンチ_02,142,京都桜公園,ベンチ,c,99655,3,2024-08,1989.0,36,0.5,C判定_ベンチ
eq_1187_踏み板式ブランコ,143,沖縄平和パーク,踏み板式ブランコ,d,1063432,2,2025-06,1985.0,40,0.7,D判定_踏み板式ブランコ
eq_1188_スベリ台,143,沖縄平和パーク,スベリ台,b,169340,4,2024-08,1985.0,40,0.3,B判定_スベリ台
eq_1189_Athletic遊具,143,沖縄平和パーク,ﾌｨｰﾙﾄﾞｱｽﾚﾁｯｸ遊具,c,1308873,3,2025-06,1985.0,40,0.5,C判定_ﾌｨｰﾙﾄﾞｱｽﾚﾁｯｸ遊具
eq_1190_スプリング遊具,143,沖縄平和パーク,スプリング遊具,c,219025,3,2024-08,1985.0,40,0.5,C判定_スプリング遊具
eq_1191_ベンチ_01,143,沖縄平和パーク,ベンチ,c,195977,3,2025-05,1985.0,40,0.5,C判定_ベンチ
eq_1192_ベンチ_02,143,沖縄平和パーク,ベンチ,b,73662,4,2024-12,1985.0,40,0.3,B判定_ベンチ
eq_1193_ベンチ_03,143,沖縄平和パーク,ベンチ,b,106234,4,2025-06,1985.0,40,0.3,B判定_ベンチ
eq_1194_ベンチ_04,143,沖縄平和パーク,ベンチ,b,59596,4,2025-02,1985.0,40,0.3,B判定_ベンチ
eq_1195_ベンチ_05,143,沖縄平和パーク,ベンチ,b,140005,4,2024-11,1985.0,40,0.3,B判定_ベンチ
eq_1196_ベンチ_06,143,沖縄平和パーク,ベンチ,b,113129,4,2025-01,1985.0,40,0.3,B判定_ベンチ
eq_1197_ベンチ_07,143,沖縄平和パーク,ベンチ,b,139944,4,2025-02,1985.0,40,0.3,B判定_ベンチ
eq_1198_ベンチ_08,143,沖縄平和パーク,ベンチ,b,141719,4,2024-09,1985.0,40,0.3,B判定_ベンチ
eq_1199_踏み板式ブランコ,144,大分北パーク,踏み板式ブランコ,a,51128,5,2024-10,2009.0,16,0.1,A判定_踏み板式ブランコ
eq_1200_スベリ台,144,大分北パーク,スベリ台,a,73194,5,2024-11,2009.0,16,0.1,A判定_スベリ台
eq_1201_Athletic遊具,144,大分北パーク,ﾌｨｰﾙﾄﾞｱｽﾚﾁｯｸ遊具,a,231994,5,2024-11,2009.0,16,0.1,A判定_ﾌｨｰﾙﾄﾞｱｽﾚﾁｯｸ遊具
eq_1202_ベンチ_01,144,大分北パーク,ベンチ,a,34964,5,2024-12,2009.0,16,0.1,A判定_ベンチ
eq_1203_ベンチ_02,144,大分北パーク,ベンチ,b,47505,4,2025-06,2009.0,16,0.3,B判定_ベンチ
eq_1204_ベンチ_03,144,大分北パーク,ベンチ,a,18048,5,2024-10,2009.0,16,0.1,A判定_ベンチ
eq_1205_ベンチ_04,144,大分北パーク,ベンチ,a,30773,5,2024-09,2009.0,16,0.1,A判定_ベンチ
eq_1206_ベンチ_05,144,大分北パーク,ベンチ,b,63375,4,2024-12,2009.0,16,0.3,B判定_ベンチ
eq_1207_ベンチ_06,144,大分北パーク,ベンチ,b,149186,4,2024-11,2009.0,16,0.3,B判定_ベンチ
eq_1208_ベンチ_07,144,大分北パーク,ベンチ,a,52072,5,2025-07,2009.0,16,0.1,A判定_ベンチ
eq_1209_ベンチ_08,144,大分北パーク,ベンチ,b,109956,4,2024-10,2009.0,16,0.3,B判定_ベンチ
eq_1210_ベンチ_09,144,大分北パーク,ベンチ,b,101328,4,2025-03,2009.0,16,0.3,B判定_ベンチ
eq_1211_ベンチ_10,144,大分北パーク,ベンチ,a,55173,5,2025-03,2009.0,16,0.1,A判定_ベンチ
eq_1212_ベンチ_11,144,大分北パーク,ベンチ,a,26334,5,2025-05,2009.0,16,0.1,A判定_ベンチ
eq_1213_ベンチ_12,144,大分北パーク,ベンチ,a,19776,5,2024-08,2009.0,16,0.1,A判定_ベンチ
eq_1214_ベンチ_13,144,大分北パーク,ベンチ,a,57851,5,2025-06,2009.0,16,0.1,A判定_ベンチ
eq_1215_ベンチ_14,144,大分北パーク,ベンチ,a,27847,5,2025-05,2009.0,16,0.1,A判定_ベンチ
eq_1216_ベンチ_15,144,大分北パーク,ベンチ,b,57720,4,2025-02,2009.0,16,0.3,B判定_ベンチ
eq_1217_スベリ台,145,高知未来広場,スベリ台,d,1642119,2,2024-08,1970.0,55,0.7,D判定_スベリ台
eq_1218_スプリング遊具,145,高知未来広場,スプリング遊具,d,570567,2,2025-05,1970.0,55,0.7,D判定_スプリング遊具
eq_1219_踏み板式ブランコ,146,愛媛南広場,踏み板式ブランコ,c,746369,3,2025-04,1984.0,41,0.5,C判定_踏み板式ブランコ
eq_1220_スベリ台,146,愛媛南広場,スベリ台,c,853957,3,2025-03,1984.0,41,0.5,C判定_スベリ台
eq_1221_Athletic遊具,146,愛媛南広場,ﾌｨｰﾙﾄﾞｱｽﾚﾁｯｸ遊具,b,210582,4,2024-10,1984.0,41,0.3,B判定_ﾌｨｰﾙﾄﾞｱｽﾚﾁｯｸ遊具
eq_1222_スプリング遊具,146,愛媛南広場,スプリング遊具,c,575147,3,2025-02,1984.0,41,0.5,C判定_スプリング遊具
eq_1223_ベンチ_01,146,愛媛南広場,ベンチ,b,75552,4,2024-09,1984.0,41,0.3,B判定_ベンチ
eq_1224_ベンチ_02,146,愛媛南広場,ベンチ,d,524064,2,2025-05,1984.0,41,0.7,D判定_ベンチ
eq_1225_ベンチ_03,146,愛媛南広場,ベンチ,b,118522,4,2025-02,1984.0,41,0.3,B判定_ベンチ
eq_1226_ベンチ_04,146,愛媛南広場,ベンチ,c,94444,3,2025-05,1984.0,41,0.5,C判定_ベンチ
eq_1227_ベンチ_05,146,愛媛南広場,ベンチ,c,202306,3,2025-03,1984.0,41,0.5,C判定_ベンチ
eq_1228_ベンチ_06,146,愛媛南広場,ベンチ,c,170906,3,2025-05,1984.0,41,0.5,C判定_ベンチ
eq_1229_ベンチ_07,146,愛媛南広場,ベンチ,c,235785,3,2025-01,1984.0,41,0.5,C判定_ベンチ
eq_1230_ベンチ_08,146,愛媛南広場,ベンチ,c,278332,3,2024-10,1984.0,41,0.5,C判定_ベンチ
eq_1231_スベリ台,147,大分星プラザ,スベリ台,c,1087476,3,2024-10,1998.0,27,0.5,C判定_スベリ台
eq_1232_スプリング遊具,147,大分星プラザ,スプリング遊具,b,179588,4,2024-11,1998.0,27,0.3,B判定_スプリング遊具
eq_1233_ベンチ_01,147,大分星プラザ,ベンチ,b,144085,4,2024-09,1998.0,27,0.3,B判定_ベンチ
eq_1234_ベンチ_02,147,大分星プラザ,ベンチ,a,51191,5,2024-07,1998.0,27,0.1,A判定_ベンチ
eq_1235_スベリ台,148,大分中央パーク,スベリ台,b,575784,4,2025-03,1989.0,36,0.3,B判定_スベリ台
eq_1236_Athletic遊具,148,大分中央パーク,ﾌｨｰﾙﾄﾞｱｽﾚﾁｯｸ遊具,c,941356,3,2024-09,1989.0,36,0.5,C判定_ﾌｨｰﾙﾄﾞｱｽﾚﾁｯｸ遊具
eq_1237_スプリング遊具,148,大分中央パーク,スプリング遊具,c,250901,3,2025-02,1989.0,36,0.5,C判定_スプリング遊具
eq_1238_ベンチ_01,148,大分中央パーク,ベンチ,c,233781,3,2024-12,1989.0,36,0.5,C判定_ベンチ
eq_1239_ベンチ_02,148,大分中央パーク,ベンチ,c,289721,3,2025-05,1989.0,36,0.5,C判定_ベンチ
eq_1240_ベンチ_03,148,大分中央パーク,ベンチ,c,236838,3,2025-05,1989.0,36,0.5,C判定_ベンチ
eq_1241_ベンチ_04,148,大分中央パーク,ベンチ,c,236016,3,2024-12,1989.0,36,0.5,C判定_ベンチ
eq_1242_ベンチ_05,148,大分中央パーク,ベンチ,b,53147,4,2024-12,1989.0,36,0.3,B判定_ベンチ
eq_1243_踏み板式ブランコ,149,宮崎第三プラザ,踏み板式ブランコ,e,2524753,1,2025-03,1978.0,47,0.9,E判定_踏み板式ブランコ
eq_1244_スベリ台,149,宮崎第三プラザ,スベリ台,d,1770426,2,2024-12,1978.0,47,0.7,D判定_スベリ台
eq_1245_Athletic遊具,149,宮崎第三プラザ,ﾌｨｰﾙﾄﾞｱｽﾚﾁｯｸ遊具,d,2893019,2,2024-09,1978.0,47,0.7,D判定_ﾌｨｰﾙﾄﾞｱｽﾚﾁｯｸ遊具
eq_1246_スプリング遊具,149,宮崎第三プラザ,スプリング遊具,d,949435,2,2024-07,1978.0,47,0.7,D判定_スプリング遊具
eq_1247_ベンチ_01,149,宮崎第三プラザ,ベンチ,d,295468,2,2024-08,1978.0,47,0.7,D判定_ベンチ
eq_1248_ベンチ_02,149,宮崎第三プラザ,ベンチ,d,565579,2,2024-10,1978.0,47,0.7,D判定_ベンチ
eq_1249_ベンチ_03,149,宮崎第三プラザ,ベンチ,e,764096,1,2024-11,1978.0,47,0.9,E判定_ベンチ
eq_1250_ベンチ_04,149,宮崎第三プラザ,ベンチ,d,494920,2,2024-08,1978.0,47,0.7,D判定_ベンチ
eq_1251_ベンチ_05,149,宮崎第三プラザ,ベンチ,e,767427,1,2024-08,1978.0,47,0.9,E判定_ベンチ
eq_1252_ベンチ_06,149,宮崎第三プラザ,ベンチ,d,523936,2,2024-12,1978.0,47,0.7,D判定_ベンチ
eq_1253_ベンチ_07,149,宮崎第三プラザ,ベンチ,d,284121,2,2024-11,1978.0,47,0.7,D判定_ベンチ
eq_1254_ベンチ_08,149,宮崎第三プラザ,ベンチ,e,689085,1,2024-09,1978.0,47,0.9,E判定_ベンチ
eq_1255_ベンチ_09,149,宮崎第三プラザ,ベンチ,d,418215,2,2025-03,1978.0,47,0.7,D判定_ベンチ
eq_1256_ベンチ_10,149,宮崎第三プラザ,ベンチ,e,832372,1,2025-04,1978.0,47,0.9,E判定_ベンチ
eq_1257_ベンチ_11,149,宮崎第三プラザ,ベンチ,d,488532,2,2024-08,1978.0,47,0.7,D判定_ベンチ
eq_1258_ベンチ_12,149,宮崎第三プラザ,ベンチ,d,266001,2,2024-08,1978.0,47,0.7,D判定_ベンチ
eq_1259_ベンチ_13,149,宮崎第三プラザ,ベンチ,d,309660,2,2025-03,1978.0,47,0.7,D判定_ベンチ
eq_1260_踏み板式ブランコ,150,宮城山手遊園,踏み板式ブランコ,a,65807,5,2024-10,2015.0,10,0.1,A判定_踏み板式ブランコ
eq_1261_スベリ台,150,宮城山手遊園,スベリ台,a,181238,5,2024-10,2015.0,10,0.1,A判定_スベリ台
eq_1262_Athletic遊具,150,宮城山手遊園,ﾌｨｰﾙﾄﾞｱｽﾚﾁｯｸ遊具,a,266301,5,2024-09,2015.0,10,0.1,A判定_ﾌｨｰﾙﾄﾞｱｽﾚﾁｯｸ遊具
eq_1263_スプリング遊具,150,宮城山手遊園,スプリング遊具,b,97813,4,2024-09,2015.0,10,0.3,B判定_スプリング遊具
eq_1264_ベンチ_01,150,宮城山手遊園,ベンチ,a,18342,5,2024-12,2015.0,10,0.1,A判定_ベンチ
eq_1265_ベンチ_02,150,宮城山手遊園,ベンチ,a,54952,5,2025-07,2015.0,10,0.1,A判定_ベンチ
eq_1266_ベンチ_03,150,宮城山手遊園,ベンチ,b,90025,4,2025-07,2015.0,10,0.3,B判定_ベンチ
eq_1267_ベンチ_04,150,宮城山手遊園,ベンチ,a,44858,5,2025-05,2015.0,10,0.1,A判定_ベンチ
eq_1268_ベンチ_05,150,宮城山手遊園,ベンチ,b,86010,4,2024-12,2015.0,10,0.3,B判定_ベンチ
eq_1269_ベンチ_06,150,宮城山手遊園,ベンチ,b,37296,4,2024-11,2015.0,10,0.3,B判定_ベンチ
eq_1270_ベンチ_07,150,宮城山手遊園,ベンチ,a,21338,5,2024-12,2015.0,10,0.1,A判定_ベンチ
eq_1271_ベンチ_08,150,宮城山手遊園,ベンチ,a,40706,5,2025-03,2015.0,10,0.1,A判定_ベンチ
eq_1272_ベンチ_09,150,宮城山手遊園,ベンチ,a,25399,5,2025-03,2015.0,10,0.1,A判定_ベンチ
eq_1273_ベンチ_10,150,宮城山手遊園,ベンチ,a,15370,5,2025-01,2015.0,10,0.1,A判定_ベンチ
eq_1274_ベンチ_11,150,宮城山手遊園,ベンチ,a,50238,5,2024-12,2015.0,10,0.1,A判定_ベンチ
eq_1275_ベンチ_12,150,宮城山手遊園,ベンチ,b,58155,4,2024-08,2015.0,10,0.3,B判定_ベンチ
eq_1276_踏み板式ブランコ,151,大阪山手公園,踏み板式ブランコ,d,1686241,2,2025-06,1975.0,50,0.7,D判定_踏み板式ブランコ
eq_1277_スベリ台,151,大阪山手公園,スベリ台,d,1175216,2,2025-03,1975.0,50,0.7,D判定_スベリ台
eq_1278_Athletic遊具,151,大阪山手公園,ﾌｨｰﾙﾄﾞｱｽﾚﾁｯｸ遊具,d,2045914,2,2024-11,1975.0,50,0.7,D判定_ﾌｨｰﾙﾄﾞｱｽﾚﾁｯｸ遊具
eq_1279_スプリング遊具,151,大阪山手公園,スプリング遊具,e,1222668,1,2024-12,1975.0,50,0.9,E判定_スプリング遊具
eq_1280_ベンチ_01,151,大阪山手公園,ベンチ,c,125027,3,2025-06,1975.0,50,0.5,C判定_ベンチ
eq_1281_ベンチ_02,151,大阪山手公園,ベンチ,d,348924,2,2024-12,1975.0,50,0.7,D判定_ベンチ
eq_1282_踏み板式ブランコ,152,和歌山夕日広場,踏み板式ブランコ,d,836791,2,2024-11,1991.0,34,0.7,D判定_踏み板式ブランコ
eq_1283_スベリ台,152,和歌山夕日広場,スベリ台,c,622162,3,2025-03,1991.0,34,0.5,C判定_スベリ台
eq_1284_Athletic遊具,152,和歌山夕日広場,ﾌｨｰﾙﾄﾞｱｽﾚﾁｯｸ遊具,c,1746217,3,2025-04,1991.0,34,0.5,C判定_ﾌｨｰﾙﾄﾞｱｽﾚﾁｯｸ遊具
eq_1285_スプリング遊具,152,和歌山夕日広場,スプリング遊具,d,506255,2,2025-04,1991.0,34,0.7,D判定_スプリング遊具
eq_1286_ベンチ_01,152,和歌山夕日広場,ベンチ,d,516937,2,2025-02,1991.0,34,0.7,D判定_ベンチ
eq_1287_ベンチ_02,152,和歌山夕日広場,ベンチ,c,218702,3,2024-08,1991.0,34,0.5,C判定_ベンチ
eq_1288_ベンチ_03,152,和歌山夕日広場,ベンチ,c,154270,3,2025-07,1991.0,34,0.5,C判定_ベンチ
eq_1289_ベンチ_04,152,和歌山夕日広場,ベンチ,c,106464,3,2024-07,1991.0,34,0.5,C判定_ベンチ
eq_1290_ベンチ_05,152,和歌山夕日広場,ベンチ,c,241517,3,2025-02,1991.0,34,0.5,C判定_ベンチ
eq_1291_踏み板式ブランコ,153,三重花プラザ,踏み板式ブランコ,d,1846089,2,2025-02,1973.0,52,0.7,D判定_踏み板式ブランコ
eq_1292_スベリ台,153,三重花プラザ,スベリ台,c,1168246,3,2025-01,1973.0,52,0.5,C判定_スベリ台
eq_1293_Athletic遊具,153,三重花プラザ,ﾌｨｰﾙﾄﾞｱｽﾚﾁｯｸ遊具,c,1542335,3,2024-11,1973.0,52,0.5,C判定_ﾌｨｰﾙﾄﾞｱｽﾚﾁｯｸ遊具
eq_1294_ベンチ_01,153,三重花プラザ,ベンチ,e,854022,1,2024-10,1973.0,52,0.9,E判定_ベンチ
eq_1295_ベンチ_02,153,三重花プラザ,ベンチ,d,523250,2,2024-10,1973.0,52,0.7,D判定_ベンチ
eq_1296_ベンチ_03,153,三重花プラザ,ベンチ,d,291816,2,2024-09,1973.0,52,0.7,D判定_ベンチ
eq_1297_ベンチ_04,153,三重花プラザ,ベンチ,e,653214,1,2024-10,1973.0,52,0.9,E判定_ベンチ
eq_1298_踏み板式ブランコ,154,鹿児島北遊園,踏み板式ブランコ,c,555494,3,2024-08,1996.0,29,0.5,C判定_踏み板式ブランコ
eq_1299_スベリ台,154,鹿児島北遊園,スベリ台,b,434163,4,2024-08,1996.0,29,0.3,B判定_スベリ台
eq_1300_Athletic遊具,154,鹿児島北遊園,ﾌｨｰﾙﾄﾞｱｽﾚﾁｯｸ遊具,c,1057203,3,2025-04,1996.0,29,0.5,C判定_ﾌｨｰﾙﾄﾞｱｽﾚﾁｯｸ遊具
eq_1301_スプリング遊具,154,鹿児島北遊園,スプリング遊具,a,80279,5,2025-05,1996.0,29,0.1,A判定_スプリング遊具
eq_1302_ベンチ_01,154,鹿児島北遊園,ベンチ,a,35015,5,2024-08,1996.0,29,0.1,A判定_ベンチ
eq_1303_ベンチ_02,154,鹿児島北遊園,ベンチ,b,89235,4,2025-04,1996.0,29,0.3,B判定_ベンチ
eq_1304_ベンチ_03,154,鹿児島北遊園,ベンチ,c,104435,3,2025-03,1996.0,29,0.5,C判定_ベンチ
eq_1305_ベンチ_04,154,鹿児島北遊園,ベンチ,b,77640,4,2025-04,1996.0,29,0.3,B判定_ベンチ
eq_1306_ベンチ_05,154,鹿児島北遊園,ベンチ,b,38670,4,2024-08,1996.0,29,0.3,B判定_ベンチ
eq_1307_ベンチ_06,154,鹿児島北遊園,ベンチ,b,113956,4,2024-10,1996.0,29,0.3,B判定_ベンチ
eq_1308_ベンチ_07,154,鹿児島北遊園,ベンチ,b,64553,4,2025-03,1996.0,29,0.3,B判定_ベンチ
eq_1309_ベンチ_08,154,鹿児島北遊園,ベンチ,c,299533,3,2024-10,1996.0,29,0.5,C判定_ベンチ
eq_1310_ベンチ_09,154,鹿児島北遊園,ベンチ,a,31054,5,2024-12,1996.0,29,0.1,A判定_ベンチ
eq_1311_ベンチ_10,154,鹿児島北遊園,ベンチ,b,71883,4,2024-08,1996.0,29,0.3,B判定_ベンチ
eq_1312_ベンチ_11,154,鹿児島北遊園,ベンチ,c,133780,3,2025-04,1996.0,29,0.5,C判定_ベンチ
eq_1313_スベリ台,155,島根海岸広場,スベリ台,c,589237,3,2024-10,1974.0,51,0.5,C判定_スベリ台
eq_1314_ベンチ_01,155,島根海岸広場,ベンチ,d,403053,2,2024-11,1974.0,51,0.7,D判定_ベンチ
eq_1315_踏み板式ブランコ,156,岩手第二緑地,踏み板式ブランコ,a,118000,5,2025-06,1997.0,28,0.1,A判定_踏み板式ブランコ
eq_1316_スプリング遊具,156,岩手第二緑地,スプリング遊具,b,152589,4,2024-09,1997.0,28,0.3,B判定_スプリング遊具
eq_1317_ベンチ_01,156,岩手第二緑地,ベンチ,c,225579,3,2025-04,1997.0,28,0.5,C判定_ベンチ
eq_1318_ベンチ_02,156,岩手第二緑地,ベンチ,b,84645,4,2025-04,1997.0,28,0.3,B判定_ベンチ
eq_1319_踏み板式ブランコ,157,香川下プラザ,踏み板式ブランコ,b,135060,4,2025-05,2000.0,25,0.3,B判定_踏み板式ブランコ
eq_1320_スベリ台,157,香川下プラザ,スベリ台,b,263643,4,2024-09,2000.0,25,0.3,B判定_スベリ台
eq_1321_Athletic遊具,157,香川下プラザ,ﾌｨｰﾙﾄﾞｱｽﾚﾁｯｸ遊具,b,242033,4,2024-12,2000.0,25,0.3,B判定_ﾌｨｰﾙﾄﾞｱｽﾚﾁｯｸ遊具
eq_1322_スプリング遊具,157,香川下プラザ,スプリング遊具,b,195056,4,2025-06,2000.0,25,0.3,B判定_スプリング遊具
eq_1323_ベンチ_01,157,香川下プラザ,ベンチ,a,44666,5,2024-09,2000.0,25,0.1,A判定_ベンチ
eq_1324_ベンチ_02,157,香川下プラザ,ベンチ,b,62000,4,2025-01,2000.0,25,0.3,B判定_ベンチ
eq_1325_ベンチ_03,157,香川下プラザ,ベンチ,a,42560,5,2024-09,2000.0,25,0.1,A判定_ベンチ
eq_1326_ベンチ_04,157,香川下プラザ,ベンチ,b,58302,4,2025-06,2000.0,25,0.3,B判定_ベンチ
eq_1327_ベンチ_05,157,香川下プラザ,ベンチ,b,115601,4,2025-01,2000.0,25,0.3,B判定_ベンチ
eq_1328_ベンチ_06,157,香川下プラザ,ベンチ,c,203003,3,2025-05,2000.0,25,0.5,C判定_ベンチ
eq_1329_ベンチ_07,157,香川下プラザ,ベンチ,b,65802,4,2025-05,2000.0,25,0.3,B判定_ベンチ
eq_1330_ベンチ_08,157,香川下プラザ,ベンチ,b,81128,4,2025-02,2000.0,25,0.3,B判定_ベンチ
